Ecosystem	GO:0000502 proteasome complex	GO:0001510 RNA methylation	GO:0003950 NAD+ ADP-ribosyltransferase activity	GO:0003968 RNA-dependent RNA polymerase activity	GO:0004037 allantoicase activity	GO:0004114 3',5'-cyclic-nucleotide phosphodiesterase activity	GO:0004122 cystathionine beta-synthase activity	GO:0004144 diacylglycerol O-acyltransferase activity	GO:0004352 glutamate dehydrogenase (NAD+) activity	GO:0004521 RNA endonuclease activity	GO:0004638 phosphoribosylaminoimidazole carboxylase activity	GO:0004984 olfactory receptor activity	GO:0005471 ATP:ADP antiporter activity	GO:0005871 kinesin complex	GO:0006011 UDP-glucose metabolic process	GO:0006080 substituted mannan metabolic process	GO:0006928 obsolete movement of cell or subcellular component	GO:0008740 L-rhamnose isomerase activity	GO:0008743 L-threonine 3-dehydrogenase activity	GO:0008772 [isocitrate dehydrogenase (NADP+)] kinase activity	GO:0008861 formate C-acetyltransferase activity	GO:0008901 ferredoxin hydrogenase activity	GO:0008918 lipopolysaccharide 3-alpha-galactosyltransferase activity	GO:0015307 obsolete drug:proton antiporter activity	GO:0015444 P-type magnesium transporter activity	GO:0015858 nucleoside transport	GO:0016032 viral process	GO:0016539 intein-mediated protein splicing	GO:0016999 antibiotic metabolic process	GO:0017148 negative regulation of translation	GO:0018551 dissimilatory sulfite reductase activity	GO:0019068 virion assembly	GO:0019317 fucose catabolic process	GO:0019512 lactose catabolic process via tagatose-6-phosphate	GO:0022857 transmembrane transporter activity	GO:0031460 glycine betaine transport	GO:0033890 ribonuclease D activity	GO:0033920 6-phospho-beta-galactosidase activity	GO:0042176 regulation of protein catabolic process	GO:0043093 FtsZ-dependent cytokinesis	GO:0043462 regulation of ATP-dependent activity	GO:0045151 acetoin biosynthetic process	GO:0046797 viral procapsid maturation	GO:0080009 mRNA methylation	IPR000036 Peptidase A26, omptin	IPR000263 Geminivirus AR1/BR1 coat protein	IPR000477 Reverse transcriptase domain	IPR000494 Receptor L-domain	IPR000518 Metallothionein, family 14, prokaryote	IPR000522 ABC transporter, permease protein, BtuC-like	IPR000675 Cutinase/acetylxylan esterase	IPR000938 CAP Gly-rich domain	IPR000957 Sulphate/thiosulphate-binding, conserved site	IPR001077 O-methyltransferase domain	IPR001096 Peptidase C13, legumain	IPR001101 Plectin repeat	IPR001208 MCM domain	IPR001320 Ionotropic glutamate receptor, C-terminal	IPR001360 Glycoside hydrolase family 1	IPR001613 Flavin amine oxidase	IPR002057 Isopenicillin N synthase, conserved site	IPR002178 PTS EIIA type-2 domain	IPR002631 Plasmid replication protein	IPR002723 N(4)-bis(aminopropyl)spermidine synthase, C-terminal	IPR002914 Pollen allergen Poa p IX/Phl p VI	IPR002988 Protein G-related albumin-binding (GA) module	IPR003080 Glutathione S-transferase, alpha class	IPR003491 Replication initiation factor	IPR003514 Microviridae F protein	IPR003563 Oxidized purine nucleoside triphosphate	IPR003791 Protein of unknown function UPF0178	IPR004264 Transposase, Tnp1/En/Spm-like	IPR004300 Glycoside hydrolase family 57, N-terminal domain	IPR004462 Desulfoferrodoxin, N-terminal domain	IPR004501 Phosphotransferase system, EIIC component, type 3	IPR004624 Protein YjdM	IPR004642 Serine dehydratase, alpha subunit	IPR004681 TRAP transporter large membrane protein DctM	IPR004759 Glutamate:g-aminobutyrate antiporter	IPR004763 Cation efflux system CzcA/CusA/SilA/NccA/HelA/CnrA	IPR004764 Hydrophobe/amphiphile efflux-1 HAE1	IPR004813 Oligopeptide transporter, OPT superfamily	IPR004840 Amino acid permease, conserved site	IPR004868 DNA-directed DNA polymerase, family B, mitochondria/virus	IPR004975 Poxvirus VLTF2, trans-activator	IPR005021 Terminase large subunit-like	IPR005126 NapC/NirT cytochrome c, N-terminal	IPR005694 Efflux pump membrane protein	IPR006093 Oxygen oxidoreductase covalent FAD-binding site	IPR006322 Glutathione reductase, eukaryote/bacterial	IPR006391 P-type ATPase, B chain, subfamily IA	IPR006541 Bacteriocin-associated integral membrane protein	IPR006652 Kelch repeat type 1	IPR006848 Transcription regulator, putative, lactococcus phage-type	IPR006869 Domain of unknown function DUF547	IPR006879 Carbohydrate deacetylase YdjC-like	IPR006949 Baseplate protein J-like	IPR007037 Siderophore-interacting protein, C-terminal domain	IPR007117 Expansin, cellulose-binding-like domain	IPR007119 Phage minor structural protein, N-terminal domain	IPR007165 Mycobacterial 4 TMS phage holin, superfamily IV	IPR007298 Copper resistance lipoprotein NlpE	IPR007312 Phosphoesterase	IPR007343 Uncharacterised protein family, zinc metallopeptidase putative	IPR007354 Bisanhydrobacterioruberin hydratase CruF-like	IPR007445 Type IV pilus inner membrane component PilO	IPR007464 Bacteriocin, class IId	IPR007516 Coenzyme F420 hydrogenase/dehydrogenase beta subunit, N-terminal	IPR007920 Protein of unknown function UPF0223	IPR007925 Relaxosome protein TraM	IPR007941 Protein of unknown function DUF726	IPR008013 GATA-type transcription activator, N-terminal	IPR008016 Portal protein Gp10	IPR008300 Phosphate propanoyltransferase	IPR008557 Alkaline phosphatase PhoX	IPR008707 PilC beta-propeller domain	IPR008764 Peptidase U57, YabG	IPR008981 F-MuLV receptor-binding	IPR008983 Tumour necrosis factor-like domain superfamily	IPR009191 Diol dehydratase-reactivating factor large subunit	IPR009229 Staphylococcal AgrD	IPR009272 Protein of unknown function DUF929	IPR009303 Protein of unknown function DUF960	IPR009413 Hemolysin, aegerolysin type	IPR009503 Protein of unknown function DUF1125	IPR009677 Protein of unknown function DUF1266	IPR009696 Putative replisome organiser, C-terminal	IPR009759 Bacteriophage ES18, Gp24	IPR010024 Conserved hypothetical protein CHP1671	IPR010036 Magnesium-dependent phosphatase-1, eukaryotic/archaeal-type	IPR010086 Flavodoxin, long chain	IPR010106 Recombination-promoting nuclease RpnA	IPR010133 Bacteriocin-type signal sequence	IPR010360 Protein of unknown function DUF956	IPR010365 Protein of unknown function DUF961	IPR010517 Phage tail tube protein, Siphoviridae	IPR010518 Flagellar regulatory FleQ	IPR010570 UpxZ family	IPR010630 Olduvai domain	IPR010706 Fatty acid cis-trans isomerase	IPR010772 Protein of unknown function DUF1359	IPR010789 Terminase small subunit, Skunalikevirus-type	IPR010856 Gig2-like	IPR010945 Malate dehydrogenase, type 2	IPR010960 Flavocytochrome c	IPR011101 Protein of unknown function DUF5131	IPR011118 Tannase/feruloyl esterase	IPR011119 Uncharacterised domain, helicase/relaxase, putative	IPR011438 Domain of unknown function DUF1541	IPR011735 WlaTC/HtrL glycosyltransferase	IPR011802 Adenylylsulphate reductase, beta subunit	IPR011868 Molybdate ABC transporter, ATP-binding protein	IPR011946 Integrase, integron-type	IPR012441 Protein of unknown function DUF1643	IPR012450 Bacteriophage bIL310, Orf15	IPR012456 Protein of unknown function DUF1661	IPR012657 23S rRNA-intervening sequence protein	IPR012672 Type III secretion system YscX	IPR012673 Type III secretion system chaperone SycN	IPR012706 Rib/alpha/Esp surface antigen	IPR012727 Glycine oxidase ThiO	IPR012731 Thiazole biosynthesis adenylyltransferase ThiF	IPR012770 Trehalose operon transcriptional repressor	IPR012969 Fibrinogen binding protein	IPR013148 Glycosyl hydrolase family 32, N-terminal	IPR013619 Domain of unknown function DUF1737	IPR013972 YcbB domain	IPR014154 Global transcriptional regulator CodY	IPR014234 N-acetylmuramoyl-L-alanine amidase CwlD	IPR014242 Spore cortex biosynthesis protein, YabQ	IPR014580 Uncharacterised conserved protein UCP033199	IPR014931 Protein of unknown function DUF1805	IPR014983 GAD-related	IPR014984 HopJ type III effector protein	IPR015027 Receptor-binding protein of phage tail base-plate Siphoviridae, head	IPR015304 ZinT domain	IPR016041 CO dehydrogenase/acetyl-CoA synthase delta subunit, TIM barrel	IPR016300 Arsenical pump ATPase, ArsA/GET3	IPR017523 Conserved hypothetical protein CHP03089	IPR017559 Alkyl hydroperoxide reductase subunit C	IPR017813 Mycothiol acetyltransferase	IPR017821 Succinate CoA transferase	IPR018040 Pectinesterase, Tyr active site	IPR018067 Protein phosphatase 2A regulatory subunit PR55, conserved site	IPR018148 Methylglyoxal synthase, active site	IPR018216 Cathelicidin, conserved site	IPR018385 C4-dicarboxylate anaerobic carrier-like	IPR018470 Periplasmic metal-binding protein Tp34-type	IPR018695 Protein of unknown function DUF2194	IPR018721 Protein of unknown function DUF2252	IPR019034 Uncharacterised protein family UPF0390	IPR019036 Restriction endonuclease, type II, ApaLI	IPR019060 Domain of unknown function DUF2382	IPR019108 Cytochrome c oxidase caa3-type, assembly factor CtaG-related	IPR019235 Protein of unknown function DUF2178, transmembrane	IPR019646 Aminoglycoside-2''-adenylyltransferase	IPR019683 Sporulation inhibitor of replication protein SirA	IPR019761 DNA-directed RNA polymerase M, 15kDa subunit, conserved site	IPR019895 Putative bacteriocin export ABC transporter, lactococcin 972 group	IPR019949 Luciferase family oxidoreductase, group 1	IPR020044 PRD domain protein, EF0829/AHA3910	IPR020099 Protein of unknown function DUF5445	IPR020484 Protein of unknown function DUF5503	IPR020497 Protein of unknown function DUF5440	IPR021239 Protein of unknown function DUF2625	IPR021249 Protein of unknown function DUF2788	IPR021250 Protein of unknown function DUF2789	IPR021254 Protein of unknown function DUF2806	IPR021321 Protein of unknown function DUF2922	IPR021332 Protein of unknown function DUF2944	IPR021361 Protein of unknown function DUF2829	IPR021414 Protein of unknown function DUF3054	IPR021447 Protein of unknown function DUF3097	IPR021505 Bacteriophage B3, Orf6	IPR021552 Putative, 10TM heavy-metal exporter	IPR021725 Pathogenicity locus	IPR021822 Protein of unknown function DUF3405	IPR021904 Protein of unknown function DUF3516	IPR021953 Protein of unknown function DUF3570	IPR022190 Protein of unknown function DUF3716	IPR022225 Phage tail fibre protein	IPR022339 MHC class II-associated invariant chain	IPR022343 GCR1-cAMP receptor	IPR022380 Glutamyl-Q tRNA(Asp) synthetase	IPR022387 Carbohydrate ABC transporter substrate-binding, CPR0540	IPR022458 Conjugative coupling factor TraG/TraD	IPR022464 Streptococcal pilin isopeptide linker	IPR022560 Domain of unknown function DUF3473	IPR022741 Bacteriophage B103, Gp8, head fibre	IPR023812 Conserved hypothetical protein CHP04002	IPR023813 Conserved hypothetical protein CHP03987	IPR023845 Domain of unknown function DUF3817, transmembrane	IPR023870 Poly-beta-1,6 N-acetyl-D-glucosamine export porin PgaA	IPR023972 Conserved hypothetical protein CHP04069, acyl carrier-related	IPR023982 Conserved hypothetical protein CHP04029, CMD-like	IPR024032 His-Xaa-Ser system radical SAM maturase HxsC	IPR024212 Domain of unknown function DUF3837	IPR024264 Domain of unknown function DUF3786	IPR024309 Nuclear Testis protein, N-terminal	IPR024396 Conjugal transfer protein TrbD, putative	IPR024405 Prophage protein BhlA/UviB	IPR024522 Protein of unknown function DUF3789	IPR024538 Protein of unknown function DUF3878	IPR024735 Conjugative transposon protein TcpC	IPR025105 Domain of unknown function DUF4010	IPR025123 Domain of unknown function DUF4049	IPR025399 Domain of unknown function DUF4372	IPR025467 Protein of unknown function DUF4318	IPR025469 Protein of unknown function DUF4320	IPR025479 Domain of unknown function DUF4329	IPR025548 YfkD-like protein	IPR025571 YqfQ-like protein	IPR025617 YqzL-like protein	IPR026345 Adhesin isopeptide-forming adherence domain	IPR026359 SasC/Mrp/FmtB intercellular aggregation domain	IPR026366 Putative selenium metabolism protein, YedE family	IPR026395 CshA domain	IPR026407 Radical SAM peptide maturase, GG-Bacteroidales family	IPR026419 Glycosyltransferase, GG-Bacteroidales peptide system	IPR026935 Butirosin biosynthesis protein H, N-terminal	IPR028049 NTF2 fold immunity protein	IPR028282 WASH complex subunit 7, central domain	IPR028955 Immunity protein 57	IPR028962 Immunity protein 10	IPR029162 TRP-interacting helix, InaF motif	IPR029465 TupA-like ATPgrasp protein	IPR029470 PD-(D/E)XK nuclease superfamily 4	IPR030984 Bacterial microcompartment shell protein PduB	IPR030985 Putative peptide maturation system protein	IPR031010 Radical SAM mobile pair protein A	IPR031011 MarR family transcriptional regulator	IPR031012 Radical SAM mobile pair protein B	IPR031631 Glycosyl hydrolase family 63, N-terminal	IPR031636 Protein kinase G, tetratricopeptide repeat containing domain	IPR031834 Antitoxin RnlB/LsoB	IPR031900 Lactococcus phage single-stranded DNA binding protein	IPR031965 Starch-binding module 26	IPR032111 Clostridium phage holin	IPR032124 Bacteriophage F116-like holin	IPR032191 CCR4-NOT transcription complex subunit 1, CAF1-binding domain	IPR032193 CCR4-NOT transcription complex subunit 1, TTP binding domain	IPR032217 Protein of unknown function DUF5036	IPR032218 Protein of unknown function DUF5037	IPR032300 Cell surface antigen, C-terminal	IPR032318 Protein of unknown function DUF4848	IPR032326 Protein of unknown function DUF4853	IPR032339 Domain of unknown function DUF4859	IPR032480 Domain of unknown function DUF5057	IPR032491 Domain of unknown function DUF5046	IPR032507 GH32, BT1760-like, C-terminal domain	IPR032511 Protein of unknown function DUF4971	IPR032541 Protein of unknown function DUF4948	IPR032576 Domain of unknown function DUF4921	IPR032597 Protein of unknown function DUF4903	IPR032617 Protein of unknown function DUF4885	IPR032830 Helicase XPB/Ssl2, N-terminal domain	IPR033126 Glycosyl hydrolases family 9, Asp/Glu active sites	IPR033762 MCM OB domain	IPR035177 Type VI secretion system TssN	IPR035286 Protein of unknown function DUF5361	IPR035364 Glycosyl hydrolase 101, beta-sandwich domain	IPR035391 Arylsulfotransferase, N-terminal domain	IPR035408 Phage single-stranded DNA-binding protein	IPR035576 Type VI secretion system TssC	sk__Archaea;k__;p__Crenarchaeota	sk__Archaea;k__;p__Euryarchaeota;c__Methanobacteria;o__Methanobacteriales;f__Methanobacteriaceae;g__Methanobrevibacter;s__Methanobrevibacter_oralis	sk__Bacteria	sk__Bacteria;k__;p__Actinobacteria;c__Actinobacteria;o__Bifidobacteriales;f__Bifidobacteriaceae;g__Bifidobacterium	sk__Bacteria;k__;p__Actinobacteria;c__Actinobacteria;o__Micrococcales;f__Microbacteriaceae;g__Candidatus_Limnoluna	sk__Bacteria;k__;p__Actinobacteria;c__Coriobacteriia;o__Coriobacteriales;f__Coriobacteriaceae;g__Collinsella	sk__Bacteria;k__;p__Actinobacteria;c__Coriobacteriia;o__Eggerthellales;f__Eggerthellaceae;g__Eggerthella	sk__Bacteria;k__;p__Aquificae;c__Aquificae;o__Desulfurobacteriales;f__Desulfurobacteriaceae;g__Desulfurobacterium	sk__Bacteria;k__;p__Bacteroidetes;c__Bacteroidia;o__Bacteroidales;f__Bacteroidaceae;g__Bacteroides	sk__Bacteria;k__;p__Bacteroidetes;c__Bacteroidia;o__Bacteroidales;f__Bacteroidaceae;g__Bacteroides;s__Bacteroides_plebeius	sk__Bacteria;k__;p__Bacteroidetes;c__Bacteroidia;o__Bacteroidales;f__Muribaculaceae	sk__Bacteria;k__;p__Bacteroidetes;c__Bacteroidia;o__Bacteroidales;f__Prevotellaceae	sk__Bacteria;k__;p__Bacteroidetes;c__Bacteroidia;o__Bacteroidales;f__Tannerellaceae;g__Parabacteroides;s__Parabacteroides_sp._YL27	sk__Bacteria;k__;p__Candidatus_Gottesmanbacteria	sk__Bacteria;k__;p__Chloroflexi;c__Thermoflexia;o__Thermoflexales;f__Thermoflexaceae;g__Thermoflexus	sk__Bacteria;k__;p__Firmicutes;c__Clostridia;o__Clostridiales	sk__Bacteria;k__;p__Firmicutes;c__Clostridia;o__Clostridiales;f__Eubacteriaceae;g__Eubacterium;s__Eubacterium_sp._oral_clone_FX028	sk__Bacteria;k__;p__Firmicutes;c__Clostridia;o__Clostridiales;f__Lachnospiraceae	sk__Bacteria;k__;p__Firmicutes;c__Clostridia;o__Clostridiales;f__Lachnospiraceae;g__Lachnospira	sk__Bacteria;k__;p__Firmicutes;c__Clostridia;o__Clostridiales;f__Peptostreptococcaceae;g__Romboutsia	sk__Bacteria;k__;p__Firmicutes;c__Clostridia;o__Clostridiales;f__Ruminococcaceae	sk__Bacteria;k__;p__Firmicutes;c__Clostridia;o__Clostridiales;f__Ruminococcaceae;g__Ruminococcus	sk__Bacteria;k__;p__Firmicutes;c__Clostridia;o__Clostridiales;f__Ruminococcaceae;g__Ruminococcus;s__Ruminococcus_sp._Marseille-P328	sk__Bacteria;k__;p__Firmicutes;c__Clostridia;o__Clostridiales;f__Ruminococcaceae;g__Subdoligranulum	sk__Bacteria;k__;p__Firmicutes;c__Negativicutes;o__Acidaminococcales;f__Acidaminococcaceae;g__Phascolarctobacterium	sk__Bacteria;k__;p__Firmicutes;c__Negativicutes;o__Selenomonadales;f__Selenomonadaceae;g__Megamonas	sk__Bacteria;k__;p__Firmicutes;c__Negativicutes;o__Selenomonadales;f__Selenomonadaceae;g__Megamonas;s__Megamonas_sp._Marseille-P3344	sk__Bacteria;k__;p__Firmicutes;c__Negativicutes;o__Veillonellales;f__Veillonellaceae;g__;s__Veillonellaceae_bacterium_DNF00626	sk__Bacteria;k__;p__Proteobacteria;c__Alphaproteobacteria;o__Pelagibacterales;f__Pelagibacteraceae;g__Candidatus_Pelagibacter;s__Candidatus_Pelagibacter_ubique	sk__Bacteria;k__;p__Proteobacteria;c__Betaproteobacteria;o__Burkholderiales;f__Sutterellaceae;g__Parasutterella	sk__Bacteria;k__;p__Proteobacteria;c__Betaproteobacteria;o__Neisseriales;f__Neisseriaceae;g__Neisseria;s__Neisseria_meningitidis	sk__Bacteria;k__;p__Proteobacteria;c__Epsilonproteobacteria;o__Campylobacterales;f__Campylobacteraceae;g__Arcobacter	sk__Bacteria;k__;p__Spirochaetes;c__Spirochaetia;o__Spirochaetales;f__Spirochaetaceae;g__Treponema;s__Treponema_porcinum	sk__Bacteria;k__;p__Tenericutes;c__Mollicutes	sk__Bacteria;k__;p__Verrucomicrobia;c__Spartobacteria;o__Chthoniobacterales;f__Chthoniobacteraceae;g__Candidatus_Udaeobacter	sk__Bacteria;k__;p__Verrucomicrobia;c__Verrucomicrobiae;o__Verrucomicrobiales;f__Akkermansiaceae;g__Akkermansia	sk__Eukaryota;k__;p__;c__Dinophyceae;o__Suessiales;f__Symbiodiniaceae;g__Symbiodinium	sk__Eukaryota;k__Fungi;p__Ascomycota;c__Eurotiomycetes;o__Eurotiales;f__Aspergillaceae	sk__Eukaryota;k__Fungi;p__Basidiomycota;c__Ustilaginomycetes;o__Ustilaginales;f__Ustilaginaceae	sk__Eukaryota;k__Metazoa;p__Annelida;c__Polychaeta;o__Terebellida	sk__Eukaryota;k__Metazoa;p__Arthropoda;c__Ostracoda;o__Halocyprida
root:Engineered:Bioreactor	0.0	0.0	0.0	0.0	0.0	0.0	0.0	0.0	0.0	0.0	0.0	0.0	0.0	0.0	0.0	0.0	0.0	0.0	0.745080969447646	0.0	0.0	0.0	0.0	0.0	0.0	0.0	0.0	0.0	0.0	0.0	0.5929540392370657	0.0	0.0	0.0	0.0	0.5039082277006215	0.0	0.0	0.0	0.0	0.0	0.0	0.0	0.0	0.0	0.0	0.0	0.0	0.0	0.0	0.0	0.0	0.0	0.0	0.0	0.0	0.0	0.0	0.6053544900197684	0.0	0.0	0.0	0.0	0.5852790720774071	0.0	0.0	0.0	0.0	0.0	0.0	0.6695117074894487	0.0	0.0	0.0	0.0	0.0	0.0	0.6827126787758004	0.0	0.637941312671433	0.0	0.0	0.0	0.0	0.0	0.0	0.5601566396561207	0.0	0.0	0.0	0.0	0.0	0.0	0.0	0.0	0.0	0.0	0.0	0.5948828685330549	0.0	0.0	0.0	0.0	0.6311384472535938	0.0	0.0	0.0	0.0	0.0	0.0	0.0	0.0	0.0	0.0	0.0	0.0	0.0	0.0	0.0	0.0	0.0	0.0	0.0	0.0	0.0	0.0	0.0	0.0	0.0	0.0	0.0	0.0	0.0	0.0	0.0	0.0	0.0	0.0	0.0	0.0	0.0	0.0	0.0	0.0	0.0	0.0	0.0	0.5021320001588915	0.0	0.0	0.0	0.5650361408458936	0.0	0.0	0.0	0.0	0.0	0.7989926020271962	0.0	0.0	0.0	0.0	0.0	0.0	0.0	0.0	0.0	0.0	0.6176098504369971	0.5691742899497857	0.610093778669905	0.0	0.0	0.0	0.0	0.0	0.0	0.5352890246307517	0.0	0.0	0.0	0.0	0.0	0.0	0.0	0.0	0.0	0.0	0.0	0.0	0.0	0.0	0.0	0.0	0.0	0.0	0.0	0.0	0.0	0.5545709948760961	0.0	0.0	0.0	0.0	0.0	0.0	0.0	0.0	0.0	0.0	0.0	0.0	0.0	0.8800675159274985	0.0	0.0	0.0	0.0	0.0	0.0	0.0	0.0	0.0	0.655282537320382	0.0	0.0	0.0	0.0	0.0	0.0	0.0	0.0	0.0	0.0	0.0	0.0	0.0	0.0	0.0	0.0	0.0	0.0	0.0	0.0	0.0	0.0	0.0	0.0	0.0	0.0	0.0	0.0	0.0	0.0	0.0	0.0	0.0	0.0	0.0	0.0	0.0	0.0	0.0	0.7004220707834973	0.0	0.0	0.0	0.0	0.0	0.0	0.0	0.0	0.0	0.0	0.0	0.0	0.0	0.0	0.0	0.0	0.0	0.0	0.0	0.0	0.0	0.0	0.0	0.0	0.0	0.0	0.0	0.0	0.0	0.0	0.0	0.0	0.0	0.0	0.0	0.0	0.0	0.0	0.0	0.0	0.0	0.0	0.0	0.0	0.0	0.0	0.0	0.0	0.0	0.0	0.0	0.0	0.0	0.9720840701478166	0.0	0.0	0.0	0.0	0.0	0.0	0.0	0.0	0.0	0.0	0.0	0.0	0.0	0.0	0.0	0.0	0.0	0.0	0.0	0.0	0.0	0.0	0.0	0.0	0.0	0.0	0.0
root:Engineered:Bioremediation:Terephthalate:Wastewater	0.0	0.0	0.0	0.0	0.5424795756230121	0.5795428305452437	0.0	0.0	0.0	0.0	0.0	0.0	0.0	0.0	0.0	0.0	0.0	0.0	0.5738104946664543	0.0	0.0	0.6755234173391438	0.0	0.0	0.0	0.0	0.0	0.0	0.0	0.0	0.0	0.7052001718075774	0.0	0.8271728818451908	0.0	0.0	0.0	0.0	0.0	0.0	0.5082500061776691	0.0	0.0	0.0	0.594128207572378	0.0	0.5360499612316539	0.0	0.7087672878954999	0.0	0.0	0.0	0.6218449973449848	0.0	0.0	0.0	0.0	0.0	0.545580685371037	0.0	0.0	0.0	0.8171842634441324	0.0	0.0	0.0	0.0	0.0	0.0	0.5496000719313691	0.6853135338906055	0.0	0.5072219497354317	0.0	0.8268353045584211	0.0	0.0	0.0	0.0	0.0	0.0	0.0	0.5890147424170451	0.0	0.0	0.689322480000798	0.5086570599664695	0.0	0.0	0.6983128453930484	0.6979844257529839	0.0	0.0	0.0	0.0	0.0	0.0	0.0	0.0	0.0	0.0	0.0	0.0	0.0	0.0	0.0	0.0	0.0	0.0	0.7235716586545401	0.6297967704061632	0.0	0.0	0.0	0.0	0.0	0.0	0.0	0.0	0.0	0.0	0.0	0.0	0.0	0.0	0.7075905500424184	0.0	0.0	0.0	0.0	0.0	0.6378359734424178	0.0	0.0	0.0	0.0	0.0	0.0	0.0	0.0	0.0	0.0	0.7204651298193486	0.0	0.5509632837511288	0.0	0.0	0.0	0.0	0.0	0.0	0.0	0.0	0.6472640269488011	0.0	0.0	0.0	0.0	0.0	0.0	0.0	0.0	0.7477359938807305	0.0	0.0	0.0	0.0	0.0	0.0	0.0	0.6572390485545929	0.0	0.0	0.6125848371634538	0.0	0.0	0.0	0.5449413578024815	0.0	0.0	0.5440762765217266	0.0	0.0	0.0	0.0	0.0	0.0	0.0	0.0	0.0	0.0	0.0	0.5111248743339893	0.0	0.0	0.0	0.0	0.0	0.0	0.0	0.905776129020127	0.0	0.0	0.0	0.0	0.0	0.0	0.0	0.0	0.6768258734594431	0.0	0.0	0.0	0.6312737902491924	0.0	0.6761754014043673	0.0	0.0	0.0	0.0	0.0	0.0	0.0	0.0	0.0	0.5927601695262388	0.0	0.0	0.0	0.0	0.0	0.0	0.6445128083934538	0.0	0.0	0.0	0.0	0.0	0.0	0.0	0.0	0.0	0.0	0.0	0.0	0.0	0.0	0.0	0.0	0.0	0.0	0.0	0.0	0.0	0.0	0.0	0.6117958730705587	0.0	0.0	0.0	0.0	0.0	0.0	0.0	0.0	0.0	0.0	0.7719337619523511	0.0	0.0	0.0	0.0	0.0	0.0	0.0	0.0	0.0	0.0	0.7329438201777884	0.0	0.0	0.0	0.0	0.0	0.0	0.0	0.0	0.0	0.0	0.0	0.0	0.0	0.0	0.0	0.0	0.0	0.0	0.0	0.0	0.0	0.0	0.0	0.0	0.0	0.0	0.0	0.0	0.0	0.0	0.8776324341589179	0.0	0.0	0.6794401814995356	0.0	0.0	0.0	0.0	0.0	0.0	0.0	0.0	0.0	0.0	0.0	0.0	0.0	0.0	0.0	0.0	0.0	0.0	0.0	0.0	0.0	0.0	0.0	0.0	0.0	0.0	0.0	0.0	0.0	0.0	0.0	0.0
root:Engineered:Built environment	0.0	0.0	0.0	0.0	0.0	0.0	0.0	0.0	0.0	0.0	0.0	0.0	0.0	0.0	0.0	0.0	0.0	0.0	0.0	0.0	0.0	0.0	0.0	0.0	0.0	0.0	0.0	0.0	0.0	0.0	0.0	0.0	0.0	0.0	0.0	0.0	0.0	0.0	0.0	0.0	0.0	0.0	0.0	0.0	0.0	0.0	0.0	0.0	0.0	0.0	0.0	0.0	0.0	0.0	0.0	0.0	0.0	0.0	0.0	0.0	0.0	0.0	0.0	0.0	0.0	0.0	0.0	0.0	0.0	0.0	0.0	0.0	0.0	0.0	0.0	0.0	0.0	0.0	0.0	0.0	0.0	0.0	0.0	0.0	0.0	0.0	0.0	0.0	0.0	0.0	0.0	0.0	0.0	0.0	0.0	0.0	0.0	0.0	0.0	0.0	0.0	0.0	0.0	0.0	0.0	0.0	0.0	0.0	0.0	0.0	0.0	0.0	0.0	0.0	0.0	0.0	0.0	0.0	0.0	0.0	0.0	0.0	0.0	0.8862542435842022	0.0	0.0	0.0	0.0	0.0	0.0	0.0	0.0	0.0	0.0	0.0	0.0	0.0	0.0	0.0	0.0	0.0	0.0	0.0	0.0	0.9386943128960512	0.0	0.0	0.0	0.0	0.0	0.0	0.0	0.0	0.0	0.0	0.0	0.0	0.0	0.0	0.0	0.0	0.0	0.0	0.0	0.0	0.0	0.0	0.0	0.0	0.0	0.0	0.0	0.0	0.0	0.0	0.0	0.0	0.0	0.0	0.0	0.0	0.0	0.0	0.0	0.0	0.0	0.0	0.0	0.0	0.0	0.0	0.0	0.0	0.0	0.0	0.0	0.0	0.0	0.0	0.0	0.0	0.0	0.0	0.0	0.0	0.0	0.0	0.0	0.0	0.0	0.0	0.0	0.0	0.0	0.0	0.0	0.9738433405187422	0.0	0.0	0.8705196851406392	0.0	0.0	0.0	0.0	0.0	0.0	0.0	0.0	0.0	0.0	0.0	0.0	0.0	0.0	0.0	0.0	0.0	0.0	0.0	0.0	0.0	0.0	0.0	0.0	0.0	0.0	0.0	0.0	0.0	0.0	0.0	0.0	0.0	0.0	0.0	0.0	0.0	0.0	0.0	0.0	0.0	0.0	0.0	0.0	0.0	0.0	0.0	0.0	0.0	0.0	0.0	0.0	0.0	0.0	0.0	0.0	0.0	0.0	0.0	0.0	0.0	0.0	0.0	0.0	0.0	0.0	0.0	0.0	0.0	0.0	0.0	0.0	0.0	0.0	0.0	0.0	0.0	0.0	0.0	0.0	0.0	0.0	0.0	0.0	0.0	0.0	0.0	0.0	0.0	0.0	0.0	0.0	0.0	0.0	0.0	0.0	0.0	0.0	0.0	0.0	0.0	0.0	0.0	0.0	0.0	0.0	0.0	0.0	0.0	0.0	0.0	0.0	0.0	0.0	0.0	0.0	0.0	0.0	0.0	0.0	0.0	0.86528203544665	0.0	0.0	0.0
root:Engineered:Food production	0.0	0.0	0.0	0.0	0.0	0.0	0.0	0.0	0.0	0.0	0.9550584537266351	0.6276728072635821	0.0	0.0	0.0	0.0	0.0	0.0	0.0	0.0	0.0	0.0	0.0	0.0	0.0	0.0	0.0	0.0	0.0	0.0	0.0	0.0	0.0	0.0	0.0	0.0	0.0	0.0	0.0	0.0	0.0	0.0	0.0	0.0	0.0	0.0	0.7957195769893334	0.0	0.0	0.0	0.0	0.0	0.0	0.0	0.0	0.0	0.0	0.0	0.0	0.0	0.0	0.0	0.8035134127678646	0.0	0.9827135273507751	0.0	0.0	0.0	0.0	0.0	0.0	0.9728684554298592	0.0	0.0	0.8367596318498473	0.0	0.0	0.0	0.0	0.0	0.0	0.0	0.0	0.0	0.0	0.0	0.0	0.0	0.0	0.0	0.0	0.0	0.0	0.0	0.0	0.0	0.0	0.0	0.0	0.0	0.0	0.0	0.0	0.0	0.0	0.0	0.0	0.0	0.0	0.0	0.0	0.0	0.0	0.0	0.0	0.0	0.0	0.0	0.0	0.0	0.0	0.0	0.0	0.0	0.0	0.0	0.0	0.0	0.0	0.0	0.0	0.0	0.0	0.0	0.0	0.0	0.0	0.0	0.0	0.0	0.0	0.0	0.0	0.0	0.0	0.0	0.0	0.0	0.0	0.0	0.0	0.0	0.0	0.0	0.0	0.0	0.0	0.0	0.0	0.0	0.0	0.0	0.0	0.0	0.0	0.0	0.0	0.0	0.0	0.0	0.0	0.0	0.0	0.0	0.0	0.0	0.0	0.0	0.0	0.0	0.0	0.0	0.0	0.0	0.0	0.9968519026584319	0.0	0.0	0.0	0.0	0.0	0.0	0.0	0.0	0.0	0.0	0.0	0.0	0.0	0.0	0.0	0.0	0.0	0.0	0.0	0.0	0.0	0.0	0.0	0.0	0.0	0.0	0.0	0.0	0.0	0.0	0.0	0.0	0.0	0.0	0.0	0.0	0.0	0.9776426423072745	0.0	0.0	0.0	0.0	0.0	0.0	0.0	0.0	0.0	0.0	0.0	0.0	0.0	0.0	0.8991628821168924	0.0	0.0	0.0	0.0	0.0	0.0	0.0	0.0	0.0	0.0	0.0	0.0	0.0	0.0	0.0	0.0	0.0	0.0	0.0	0.0	0.0	0.0	0.0	0.0	0.0	0.0	0.0	0.0	0.0	0.0	0.0	0.0	0.0	0.0	0.0	0.0	0.0	0.0	0.0	0.0	0.0	0.0	0.0	0.0	0.0	0.0	0.0	0.0	0.0	0.0	0.0	0.0	0.0	0.0	0.0	0.0	0.0	0.0	0.0	0.0	0.0	0.0	0.0	0.0	0.0	0.0	0.0	0.0	0.0	0.0	0.0	0.0	0.0	0.0	0.0	0.0	0.0	0.0	0.0	0.0	0.0	0.0	0.0	0.0	0.0	0.0	0.0	0.0	0.0	0.0	0.0	0.0	0.0	0.0	0.0	0.0	0.0	0.0	0.0	0.0	0.0	0.0	0.0	0.0	0.0	0.0
root:Engineered:Food production:Dairy products	0.0	0.9292339570140413	0.0	0.0	0.0	0.0	0.0	0.0	0.0	0.0	0.8389769223757759	0.0	0.0	0.0	0.0	0.0	0.0	0.8719060307482641	0.0	0.0	0.0	0.0	0.0	0.0	0.0	0.0	0.0	0.0	0.0	0.8728640264775428	0.0	0.0	0.0	0.0	0.0	0.0	0.0	0.0	0.0	0.0	0.0	0.0	0.0	0.0	0.0	0.0	0.7582225290909529	0.0	0.0	0.0	0.0	0.0	0.0	0.0	0.0	0.0	0.0	0.0	0.5676295772762265	0.0	0.0	0.0	0.8751371956030122	0.0	0.0	0.0	0.0	0.8610945309169389	0.0	0.0	0.0	0.0	0.0	0.0	0.9150091270682549	0.0	0.0	0.0	0.0	0.0	0.0	0.0	0.0	0.0	0.0	0.0	0.0	0.0	0.0	0.0	0.0	0.0	0.9722333515701678	0.882483855722415	0.0	0.0	0.0	0.0	0.0	0.0	0.0	0.0	0.0	0.0	0.0	0.0	0.7263459701655771	0.0	0.0	0.0	0.0	0.0	0.0	0.9528300165982294	0.738090873853484	0.0	0.0	0.0	0.0	0.0	0.0	0.0	0.0	0.0	0.8961836019521169	0.9770803904826653	0.921389173374437	0.0	0.0	0.0	0.0	0.0	0.6483571830222145	0.0	0.0	0.0	0.0	0.0	0.0	0.0	0.6674874807106552	0.0	0.0	0.0	0.6390640402483209	0.0	0.0	0.0	0.0	0.9114222478824635	0.0	0.0	0.0	0.0	0.8319256313260236	0.0	0.0	0.0	0.0	0.0	0.0	0.0	0.0	0.0	0.0	0.0	0.0	0.0	0.0	0.0	0.0	0.0	0.0	0.0	0.0	0.0	0.0	0.0	0.0	0.7689038864365383	0.0	0.0	0.0	0.0	0.0	0.0	0.0	0.0	0.0	0.0	0.0	0.0	0.0	0.0	0.0	0.0	0.0	0.0	0.0	0.0	0.9007861673801179	0.0	0.8026114193414283	0.0	0.0	0.0	0.0	0.0	0.0	0.0	0.0	0.0	0.0	0.0	0.0	0.0	0.0	0.0	0.0	0.0	0.0	0.0	0.0	0.0	0.0	0.0	0.0	0.0	0.0	0.0	0.0	0.0	0.7975498544670702	0.0	0.0	0.0	0.0	0.0	0.0	0.7621446953116663	0.0	0.0	0.0	0.0	0.0	0.0	0.0	0.0	0.0	0.9704781739528464	0.0	0.0	0.0	0.0	0.0	0.0	0.0	0.0	0.0	0.0	0.0	0.0	0.8989030076272241	0.0	0.0	0.0	0.0	0.0	0.0	0.0	0.0	0.0	0.0	0.0	0.0	0.0	0.0	0.0	0.0	0.0	0.0	0.0	0.0	0.0	0.0	0.0	0.0	0.0	0.0	0.0	0.0	0.0	0.0	0.0	0.0	0.0	0.0	0.0	0.0	0.0	0.0	0.0	0.0	0.0	0.0	0.0	0.0	0.0	0.0	0.0	0.0	0.0	0.0	0.0	0.0	0.0	0.0	0.0	0.0	0.0	0.0	0.0	0.0	0.0	0.0	0.0	0.0	0.0	0.0	0.0	0.0	0.0	0.0	0.0	0.0	0.0	0.0	0.0	0.0	0.0	0.0	0.0	0.0	0.0	0.0
root:Engineered:Food production:Fermented beverages	0.0	0.0	0.0	0.0	0.0	0.759914427052418	0.9397818554930798	0.0	0.0	0.0	0.0	0.0	0.0	0.7364883678689802	0.0	0.0	0.8293201806572233	0.0	0.0	0.0	0.0	0.0	0.0	0.894863534437035	0.0	0.0	0.0	0.0	0.0	0.0	0.0	0.0	0.0	0.0	0.0	0.0	0.0	0.0	0.9237359830113531	0.0	0.0	0.0	0.0	0.0	0.0	0.0	0.0	0.0	0.0	0.0	0.0	0.8925636944978611	0.0	0.0	0.0	0.0	0.0	0.0	0.0	0.0	0.0	0.0	0.8147462604621317	0.0	0.0	0.0	0.0	0.0	0.0	0.0	0.0	0.0	0.0	0.0	0.7269864921150573	0.0	0.9355297128229195	0.0	0.0	0.0	0.0	0.0	0.0	0.7511124008346682	0.0	0.0	0.0	0.0	0.0	0.0	0.0	0.8390521471890025	0.0	0.0	0.0	0.0	0.0	0.0	0.0	0.0	0.8800347347879495	0.0	0.0	0.0	0.741111883067273	0.0	0.0	0.0	0.0	0.0	0.6807506574230023	0.0	0.5959673214284481	0.0	0.0	0.0	0.0	0.0	0.0	0.6029032866210856	0.0	0.0	0.0	0.0	0.0	0.0	0.0	0.0	0.0	0.0	0.0	0.0	0.0	0.5624135291521473	0.0	0.0	0.0	0.0	0.0	0.0	0.0	0.0	0.0	0.0	0.0	0.0	0.0	0.0	0.0	0.0	0.0	0.0	0.0	0.0	0.0	0.0	0.8324525021168588	0.0	0.0	0.0	0.0	0.0	0.0	0.0	0.0	0.0	0.805207478824983	0.0	0.0	0.8541643292680928	0.0	0.6797362742652576	0.0	0.0	0.0	0.0	0.0	0.0	0.0	0.0	0.0	0.0	0.0	0.8265500916949322	0.0	0.0	0.0	0.0	0.0	0.0	0.8865513868149053	0.0	0.709710591995902	0.0	0.90425963651725	0.0	0.0	0.0	0.8433541025866673	0.0	0.0	0.0	0.0	0.0	0.0	0.0	0.0	0.0	0.0	0.0	0.6554254433320817	0.0	0.0	0.0	0.0	0.0	0.0	0.0	0.0	0.0	0.0	0.0	0.0	0.0	0.0	0.0	0.0	0.0	0.0	0.0	0.0	0.0	0.0	0.0	0.0	0.0	0.0	0.0	0.0	0.0	0.593115628640004	0.0	0.0	0.0	0.0	0.0	0.0	0.0	0.9480300212276207	0.0	0.0	0.0	0.0	0.0	0.0	0.0	0.0	0.0	0.0	0.0	0.0	0.0	0.0	0.0	0.0	0.0	0.0	0.0	0.0	0.0	0.0	0.0	0.0	0.0	0.0	0.0	0.0	0.0	0.0	0.8960954309221306	0.8873549086705136	0.0	0.0	0.0	0.0	0.0	0.0	0.7603574757417201	0.0	0.0	0.0	0.0	0.0	0.0	0.0	0.0	0.0	0.0	0.0	0.0	0.0	0.0	0.0	0.0	0.0	0.0	0.0	0.0	0.0	0.0	0.0	0.0	0.0	0.0	0.0	0.0	0.0	0.0	0.0	0.0	0.0	0.0	0.0	0.0	0.0	0.0	0.0	0.0	0.0	0.0	0.0	0.0	0.0	0.0	0.0	0.0	0.0	0.0	0.0	0.0	0.0	0.0	0.0	0.0	0.0
root:Engineered:Solid waste:Composting	0.0	0.0	0.0	0.0	0.0	0.0	0.6802338989089055	0.0	0.0	0.0	0.5483398597257235	0.0	0.0	0.0	0.0	0.0	0.7360291749302736	0.0	0.0	0.0	0.0	0.0	0.0	0.0	0.0	0.0	0.0	0.0	0.5904318556963206	0.0	0.0	0.0	0.0	0.0	0.0	0.0	0.0	0.0	0.0	0.0	0.0	0.0	0.0	0.0	0.0	0.0	0.0	0.0	0.0	0.0	0.0	0.0	0.0	0.0	0.0	0.0	0.0	0.0	0.0	0.0	0.0	0.0	0.0	0.6479564660784183	0.0	0.0	0.0	0.0	0.0	0.0	0.0	0.0	0.0	0.0	0.8322406156636765	0.0	0.0	0.0	0.0	0.0	0.0	0.0	0.0	0.0	0.0	0.0	0.0	0.0	0.0	0.0	0.0	0.0	0.0	0.0	0.0	0.0	0.0	0.0	0.0	0.0	0.0	0.0	0.0	0.0	0.0	0.0	0.0	0.0	0.0	0.0	0.0	0.0	0.7716532042426879	0.0	0.7811294807937053	0.0	0.0	0.0	0.0	0.0	0.0	0.0	0.0	0.0	0.0	0.0	0.0	0.0	0.0	0.0	0.0	0.0	0.0	0.0	0.0	0.0	0.0	0.0	0.0	0.0	0.0	0.0	0.0	0.0	0.0	0.0	0.0	0.0	0.0	0.0	0.0	0.0	0.0	0.0	0.0	0.0	0.0	0.0	0.0	0.0	0.0	0.0	0.0	0.0	0.0	0.0	0.0	0.0	0.0	0.5090969705531889	0.7144701584624703	0.526023237109909	0.0	0.0	0.0	0.0	0.0	0.0	0.0	0.0	0.0	0.0	0.0	0.0	0.0	0.0	0.0	0.0	0.0	0.0	0.0	0.0	0.5479437476322075	0.0	0.0	0.0	0.0	0.0	0.0	0.0	0.0	0.0	0.0	0.0	0.0	0.0	0.0	0.0	0.0	0.0	0.0	0.0	0.0	0.0	0.0	0.0	0.0	0.0	0.0	0.0	0.0	0.0	0.9242504017890182	0.9047559359152512	0.0	0.0	0.0	0.0	0.0	0.0	0.0	0.0	0.0	0.0	0.862112647610893	0.0	0.0	0.0	0.0	0.0	0.0	0.0	0.0	0.0	0.0	0.0	0.0	0.0	0.0	0.0	0.6748826829736728	0.0	0.0	0.0	0.0	0.0	0.0	0.0	0.0	0.0	0.0	0.0	0.0	0.0	0.0	0.0	0.0	0.0	0.0	0.0	0.0	0.0	0.0	0.0	0.0	0.0	0.0	0.0	0.0	0.0	0.0	0.0	0.0	0.0	0.0	0.0	0.0	0.0	0.0	0.0	0.0	0.0	0.0	0.0	0.0	0.0	0.0	0.0	0.0	0.0	0.0	0.0	0.0	0.0	0.0	0.0	0.0	0.0	0.0	0.0	0.0	0.0	0.9737160384765272	0.0	0.0	0.0	0.0	0.0	0.0	0.0	0.0	0.0	0.0	0.0	0.0	0.0	0.0	0.0	0.0	0.0	0.0	0.0	0.0	0.0	0.0	0.0	0.0	0.0	0.0	0.0	0.0	0.0	0.0	0.0	0.0
root:Engineered:Wastewater	0.0	0.0	0.0	0.7223964698040889	0.0	0.0	0.0	0.0	0.0	0.0	0.0	0.0	0.0	0.0	0.0	0.0	0.0	0.0	0.0	0.0	0.0	0.5171352553623553	0.0	0.0	0.0	0.5206684263206924	0.0	0.0	0.0	0.0	0.6953157127838173	0.5066503596317234	0.0	0.7162889360180081	0.0	0.0	0.0	0.0	0.0	0.0	0.0	0.0	0.0	0.9070399263600258	0.0	0.0	0.0	0.65741675626863	0.0	0.0	0.0	0.0	0.0	0.0	0.0	0.0	0.0	0.0	0.5113085093560675	0.5442219433804861	0.0	0.0	0.0	0.0	0.0	0.0	0.0	0.0	0.0	0.0	0.0	0.0	0.0	0.0	0.0	0.0	0.0	0.0	0.0	0.0	0.0	0.0	0.0	0.0	0.0	0.5862876960136935	0.0	0.0	0.0	0.0	0.0	0.0	0.0	0.0	0.0	0.624536227399549	0.0	0.0	0.0	0.0	0.520465722111145	0.0	0.0	0.7099874879262987	0.6653871692905976	0.0	0.0	0.0	0.0	0.0	0.6583599765984466	0.0	0.0	0.0	0.0	0.0	0.0	0.0	0.0	0.0	0.0	0.0	0.0	0.0	0.0	0.0	0.0	0.0	0.0	0.0	0.0	0.0	0.0	0.0	0.0	0.0	0.0	0.0	0.0	0.0	0.0	0.0	0.0	0.0	0.0	0.0	0.0	0.0	0.0	0.6234321490463371	0.0	0.0	0.0	0.0	0.0	0.0	0.0	0.0	0.0	0.0	0.0	0.0	0.0	0.0	0.0	0.0	0.0	0.0	0.0	0.0	0.5624985932075259	0.0	0.0	0.6110683945280417	0.0	0.0	0.0	0.0	0.0	0.0	0.0	0.0	0.0	0.0	0.0	0.0	0.0	0.0	0.0	0.0	0.0	0.0	0.5785871086450518	0.0	0.0	0.0	0.0	0.0	0.0	0.0	0.0	0.0	0.0	0.0	0.0	0.0	0.0	0.5070524697264579	0.0	0.0	0.0	0.0	0.0	0.0	0.0	0.6021093362069309	0.0	0.0	0.0	0.0	0.0	0.0	0.0	0.0	0.0	0.5369165314205225	0.0	0.0	0.0	0.0	0.0	0.0	0.0	0.0	0.0	0.0	0.0	0.0	0.0	0.0	0.0	0.0	0.0	0.0	0.0	0.0	0.0	0.0	0.0	0.0	0.0	0.0	0.0	0.0	0.0	0.0	0.6715998289800577	0.0	0.0	0.0	0.0	0.0	0.0	0.7603437497670439	0.0	0.0	0.0	0.0	0.0	0.0	0.0	0.0	0.0	0.0	0.0	0.0	0.0	0.0	0.7546223240643669	0.8163384009151827	0.0	0.0	0.0	0.0	0.0	0.0	0.0	0.0	0.0	0.0	0.0	0.0	0.0	0.0	0.0	0.0	0.0	0.0	0.0	0.0	0.0	0.0	0.0	0.7513877739151306	0.0	0.0	0.0	0.0	0.0	0.0	0.0	0.0	0.0	0.0	0.0	0.0	0.0	0.0	0.0	0.0	0.0	0.0	0.0	0.0	0.0	0.0	0.0	0.0	0.0	0.0	0.0	0.0	0.0	0.0	0.0	0.7316577720309049	0.0	0.0	0.0	0.0	0.0	0.0	0.0	0.0	0.0
root:Engineered:Wastewater:Activated Sludge	0.0	0.0	0.0	0.0	0.0	0.0	0.0	0.0	0.0	0.0	0.0	0.0	0.0	0.0	0.0	0.0	0.7556912772109113	0.0	0.0	0.0	0.0	0.7488932829932015	0.0	0.0	0.5187979322377095	0.0	0.0	0.0	0.0	0.0	0.6325944006020929	0.6328401787889854	0.0	0.0	0.0	0.0	0.0	0.0	0.0	0.0	0.0	0.0	0.0	0.0	0.5362579673591643	0.0	0.0	0.0	0.0	0.0	0.0	0.0	0.0	0.0	0.0	0.0	0.0	0.0	0.6668977290146426	0.0	0.0	0.0	0.0	0.0	0.0	0.0	0.0	0.0	0.0	0.5401201224081581	0.0	0.0	0.0	0.5468775109619948	0.0	0.0	0.0	0.0	0.0	0.0	0.0	0.0	0.0	0.0	0.0	0.0	0.0	0.0	0.0	0.0	0.0	0.0	0.0	0.0	0.0	0.0	0.0	0.0	0.5815098243158395	0.0	0.0	0.0	0.0	0.0	0.7091138868625886	0.0	0.0	0.0	0.0	0.0	0.0	0.0	0.8123892107467211	0.0	0.0	0.5413743555729771	0.0	0.0	0.0	0.0	0.0	0.0	0.0	0.0	0.0	0.0	0.0	0.0	0.0	0.0	0.0	0.0	0.0	0.0	0.0	0.0	0.0	0.0	0.0	0.5100889141380928	0.0	0.0	0.0	0.0	0.6360453614684288	0.0	0.0	0.0	0.0	0.0	0.0	0.0	0.0	0.0	0.0	0.0	0.0	0.0	0.0	0.0	0.0	0.0	0.0	0.0	0.0	0.0	0.0	0.0	0.0	0.0	0.0	0.0	0.0	0.0	0.0	0.0	0.0	0.0	0.0	0.0	0.0	0.0	0.0	0.0	0.0	0.0	0.0	0.0	0.0	0.0	0.0	0.0	0.0	0.0	0.6385897026489381	0.0	0.0	0.0	0.0	0.0	0.0	0.0	0.0	0.99996547798344	0.0	0.0	0.0	0.0	0.0	0.0	0.6151917117802931	0.0	0.0	0.6324621783270128	0.0	0.0	0.0	0.0	0.0	0.0	0.0	0.0	0.0	0.0	0.0	0.0	0.0	0.0	0.0	0.0	0.0	0.0	0.0	0.0	0.0	0.0	0.0	0.0	0.0	0.0	0.0	0.0	0.0	0.0	0.0	0.0	0.0	0.0	0.0	0.0	0.0	0.0	0.0	0.0	0.0	0.0	0.0	0.0	0.0	0.0	0.0	0.0	0.0	0.0	0.0	0.0	0.0	0.0	0.0	0.0	0.0	0.0	0.0	0.0	0.0	0.0	0.0	0.0	0.0	0.0	0.0	0.0	0.0	0.0	0.0	0.0	0.0	0.0	0.0	0.0	0.0	0.0	0.0	0.0	0.0	0.6788069411594667	0.0	0.5468939650054514	0.0	0.0	0.0	0.0	0.0	0.5218524298045403	0.0	0.0	0.5525349926974019	0.0	0.0	0.0	0.0	0.0	0.0	0.0	0.0	0.0	0.0	0.0	0.0	0.0	0.0	0.0	0.0	0.0	0.0	0.0	0.0	0.0	0.0	0.0	0.0	0.0	0.0	0.0	0.0	0.0	0.0	0.0	0.0	0.0	0.0	0.0	0.0	0.0	0.0
root:Engineered:Wastewater:Water and sludge	0.0	0.0	0.0	0.0	0.0	0.0	0.0	0.0	0.0	0.7184755249952973	0.0	0.0	0.0	0.0	0.0	0.0	0.0	0.0	0.0	0.0	0.0	0.0	0.0	0.0	0.0	0.0	0.0	0.0	0.0	0.5172412031157695	0.0	0.8074536403456861	0.0	0.8013767996407326	0.0	0.0	0.0	0.7183975519166445	0.0	0.0	0.0	0.5287038292587166	0.0	0.0	0.0	0.0	0.0	0.0	0.0	0.0	0.0	0.0	0.0	0.0	0.0	0.0	0.0	0.0	0.0	0.0	0.0	0.0	0.0	0.0	0.0	0.0	0.0	0.7439091973323584	0.0	0.0	0.0	0.0	0.0	0.0	0.0	0.0	0.0	0.0	0.0	0.0	0.0	0.0	0.0	0.0	0.0	0.0	0.0	0.0	0.0	0.0	0.0	0.0	0.0	0.0	0.0	0.0	0.0	0.0	0.0	0.0	0.0	0.0	0.0	0.0	0.0	0.0	0.0	0.0	0.7706950064831566	0.0	0.0	0.0	0.0	0.0	0.0	0.5525303833846381	0.0	0.0	0.0	0.0	0.0	0.0	0.0	0.0	0.0	0.0	0.0	0.0	0.0	0.0	0.0	0.0	0.0	0.693368975667763	0.0	0.7489716301033349	0.0	0.0	0.0	0.0	0.0	0.7040209608911571	0.0	0.6095482652855594	0.0	0.0	0.0	0.5698209707329066	0.0	0.0	0.0	0.7034644060561926	0.0	0.0	0.0	0.0	0.0	0.0	0.0	0.0	0.0	0.0	0.0	0.0	0.0	0.0	0.0	0.0	0.0	0.0	0.0	0.0	0.0	0.5034919476739446	0.0	0.0	0.0	0.0	0.0	0.7050811213113287	0.0	0.5193960614942986	0.0	0.0	0.0	0.0	0.0	0.6345989495778804	0.0	0.0	0.0	0.0	0.0	0.0	0.0	0.0	0.0	0.0	0.0	0.0	0.710795589359214	0.0	0.0	0.0	0.0	0.5135385039061998	0.0	0.0	0.0	0.0	0.7960856217307294	0.0	0.0	0.0	0.0	0.0	0.0	0.0	0.0	0.0	0.0	0.0	0.0	0.0	0.0	0.0	0.0	0.0	0.0	0.0	0.0	0.0	0.0	0.0	0.0	0.0	0.0	0.0	0.0	0.0	0.0	0.0	0.0	0.0	0.0	0.0	0.0	0.0	0.0	0.0	0.0	0.0	0.0	0.0	0.0	0.0	0.0	0.0	0.0	0.0	0.0	0.0	0.0	0.0	0.0	0.0	0.0	0.0	0.0	0.0	0.0	0.0	0.0	0.0	0.0	0.0	0.0	0.0	0.0	0.0	0.0	0.0	0.0	0.0	0.0	0.0	0.0	0.0	0.0	0.0	0.0	0.0	0.0	0.0	0.0	0.0	0.0	0.0	0.0	0.0	0.0	0.0	0.0	0.0	0.0	0.0	0.0	0.0	0.0	0.0	0.0	0.0	0.0	0.0	0.0	0.0	0.0	0.0	0.0	0.0	0.0	0.0	0.0	0.0	0.0	0.0	0.0	0.0	0.0	0.0	0.0	0.0	0.0	0.0	0.0	0.0	0.0	0.0	0.0	0.9265865973643549	0.0	0.0	0.0	0.0	0.0
root:Environmental:Aquatic:Estuary	0.0	0.0	0.0	0.0	0.0	0.0	0.0	0.0	0.0	0.0	0.0	0.0	0.0	0.0	0.0	0.0	0.0	0.0	0.0	0.0	0.0	0.0	0.0	0.0	0.0	0.0	0.0	0.0	0.0	0.0	0.0	0.0	0.0	0.0	0.0	0.0	0.0	0.0	0.0	0.0	0.0	0.0	0.6414668985777722	0.0	0.0	0.0	0.0	0.0	0.0	0.0	0.0	0.0	0.0	0.0	0.0	0.0	0.0	0.0	0.0	0.0	0.0	0.0	0.0	0.0	0.0	0.0	0.0	0.0	0.0	0.0	0.0	0.0	0.0	0.0	0.0	0.0	0.0	0.0	0.0	0.0	0.0	0.0	0.0	0.0	0.0	0.0	0.0	0.0	0.0	0.0	0.0	0.0	0.0	0.0	0.0	0.0	0.0	0.0	0.0	0.0	0.0	0.0	0.0	0.0	0.0	0.0	0.0	0.0	0.0	0.0	0.0	0.0	0.0	0.0	0.0	0.0	0.0	0.0	0.0	0.0	0.0	0.0	0.0	0.0	0.0	0.0	0.0	0.0	0.0	0.0	0.0	0.0	0.0	0.0	0.0	0.0	0.0	0.0	0.0	0.0	0.0	0.0	0.0	0.0	0.0	0.0	0.0	0.0	0.0	0.0	0.7796346336933336	0.0	0.5955344719706028	0.0	0.0	0.0	0.0	0.0	0.0	0.0	0.0	0.0	0.0	0.0	0.0	0.0	0.0	0.0	0.0	0.0	0.5356699880491629	0.0	0.0	0.5326964044709729	0.0	0.0	0.0	0.0	0.0	0.0	0.0	0.0	0.0	0.0	0.0	0.0	0.0	0.0	0.0	0.0	0.0	0.0	0.0	0.0	0.0	0.0	0.0	0.0	0.0	0.0	0.0	0.0	0.0	0.0	0.0	0.0	0.5028079211627728	0.0	0.0	0.0	0.0	0.0	0.0	0.0	0.0	0.0	0.0	0.0	0.0	0.0	0.0	0.0	0.0	0.0	0.0	0.0	0.0	0.0	0.0	0.0	0.0	0.0	0.0	0.0	0.0	0.0	0.0	0.0	0.0	0.0	0.0	0.0	0.0	0.0	0.0	0.0	0.0	0.0	0.0	0.0	0.0	0.0	0.0	0.0	0.0	0.0	0.0	0.0	0.0	0.0	0.0	0.5115515749494172	0.0	0.0	0.0	0.0	0.0	0.0	0.0	0.0	0.0	0.0	0.0	0.0	0.0	0.0	0.0	0.0	0.0	0.0	0.0	0.0	0.0	0.0	0.0	0.0	0.0	0.0	0.0	0.0	0.0	0.0	0.0	0.0	0.0	0.0	0.0	0.0	0.0	0.0	0.0	0.0	0.0	0.0	0.0	0.0	0.0	0.0	0.0	0.0	0.0	0.0	0.0	0.0	0.0	0.0	0.0	0.0	0.0	0.0	0.0	0.0	0.0	0.0	0.0	0.0	0.0	0.0	0.0	0.0	0.0	0.0	0.8678822330671702	0.0	0.0	0.0	0.0	0.0	0.0	0.0	0.0	0.0	0.0	0.0	0.0
root:Environmental:Aquatic:Estuary:Sediment	0.0	0.0	0.0	0.0	0.0	0.0	0.0	0.0	0.0	0.0	0.0	0.0	0.5629818358769413	0.0	0.0	0.0	0.0	0.0	0.0	0.0	0.0	0.0	0.0	0.0	0.0	0.0	0.0	0.0	0.0	0.0	0.0	0.0	0.0	0.0	0.0	0.0	0.0	0.0	0.0	0.0	0.0	0.0	0.0	0.0	0.0	0.0	0.0	0.0	0.0	0.0	0.0	0.0	0.0	0.0	0.0	0.0	0.0	0.0	0.0	0.0	0.0	0.0	0.0	0.0	0.0	0.0	0.0	0.0	0.0	0.0	0.0	0.0	0.0	0.0	0.0	0.0	0.0	0.0	0.0	0.0	0.0	0.0	0.0	0.0	0.0	0.0	0.0	0.0	0.0	0.0	0.0	0.0	0.0	0.0	0.0	0.0	0.0	0.0	0.0	0.0	0.0	0.0	0.0	0.5762614337158776	0.0	0.0	0.0	0.0	0.0	0.0	0.0	0.0	0.0	0.0	0.0	0.0	0.0	0.0	0.0	0.0	0.0	0.0	0.0	0.0	0.0	0.0	0.0	0.0	0.0	0.0	0.0	0.0	0.0	0.0	0.0	0.0	0.5526588084733809	0.0	0.0	0.0	0.0	0.0	0.0	0.0	0.0	0.0	0.0	0.0	0.0	0.0	0.0	0.0	0.0	0.0	0.0	0.0	0.0	0.0	0.0	0.0	0.0	0.0	0.0	0.0	0.0	0.0	0.0	0.0	0.0	0.0	0.0	0.0	0.0	0.5726602673512458	0.0	0.0	0.0	0.0	0.0	0.0	0.0	0.0	0.0	0.0	0.0	0.0	0.0	0.0	0.0	0.0	0.0	0.0	0.0	0.0	0.0	0.0	0.0	0.0	0.0	0.0	0.0	0.0	0.0	0.0	0.0	0.5362786889064259	0.0	0.0	0.0	0.0	0.0	0.0	0.0	0.0	0.0	0.0	0.0	0.0	0.0	0.0	0.0	0.0	0.0	0.0	0.0	0.0	0.0	0.0	0.0	0.0	0.0	0.0	0.0	0.0	0.0	0.0	0.0	0.0	0.0	0.0	0.0	0.0	0.0	0.0	0.0	0.0	0.0	0.0	0.0	0.0	0.0	0.0	0.0	0.0	0.0	0.0	0.0	0.0	0.0	0.0	0.0	0.0	0.0	0.0	0.0	0.0	0.0	0.0	0.0	0.0	0.0	0.0	0.0	0.0	0.0	0.0	0.0	0.0	0.0	0.0	0.0	0.0	0.0	0.0	0.0	0.0	0.0	0.0	0.0	0.0	0.0	0.0	0.0	0.0	0.0	0.0	0.0	0.0	0.0	0.0	0.0	0.0	0.0	0.0	0.0	0.0	0.0	0.0	0.0	0.0	0.0	0.0	0.0	0.0	0.0	0.0	0.0	0.0	0.0	0.0	0.0	0.0	0.0	0.0	0.0	0.0	0.0	0.0	0.0	0.0	0.0	0.0	0.0	0.0	0.0	0.0	0.0	0.0	0.0	0.0	0.0	0.0	0.0	0.0	0.0
root:Environmental:Aquatic:Freshwater:Lake	0.0	0.0	0.0	0.0	0.0	0.0	0.0	0.0	0.0	0.0	0.0	0.0	0.0	0.0	0.0	0.0	0.0	0.0	0.0	0.0	0.0	0.0	0.0	0.0	0.0	0.0	0.0	0.0	0.0	0.0	0.0	0.0	0.0	0.0	0.0	0.0	0.0	0.0	0.0	0.0	0.0	0.0	0.0	0.0	0.0	0.0	0.0	0.0	0.0	0.0	0.0	0.0	0.0	0.0	0.0	0.0	0.0	0.0	0.0	0.0	0.0	0.0	0.0	0.0	0.0	0.0	0.0	0.0	0.0	0.0	0.0	0.0	0.0	0.0	0.0	0.0	0.0	0.0	0.0	0.0	0.0	0.0	0.0	0.0	0.0	0.0	0.0	0.0	0.0	0.0	0.0	0.0	0.0	0.0	0.0	0.0	0.0	0.0	0.0	0.0	0.0	0.0	0.0	0.0	0.0	0.0	0.0	0.0	0.0	0.0	0.0	0.0	0.0	0.0	0.0	0.0	0.0	0.0	0.0	0.0	0.0	0.0	0.0	0.0	0.0	0.0	0.0	0.0	0.0	0.0	0.0	0.0	0.0	0.0	0.0	0.0	0.0	0.0	0.0	0.0	0.0	0.0	0.0	0.0	0.0	0.0	0.0	0.0	0.0	0.0	0.0	0.0	0.0	0.0	0.0	0.0	0.0	0.0	0.0	0.0	0.0	0.0	0.0	0.0	0.0	0.0	0.0	0.0	0.0	0.0	0.0	0.0	0.0	0.0	0.0	0.0	0.0	0.0	0.0	0.0	0.0	0.0	0.0	0.0	0.0	0.0	0.0	0.0	0.0	0.0	0.0	0.0	0.0	0.0	0.0	0.0	0.0	0.0	0.0	0.0	0.0	0.0	0.0	0.0	0.0	0.0	0.0	0.0	0.0	0.0	0.0	0.0	0.0	0.0	0.0	0.0	0.0	0.0	0.0	0.0	0.0	0.0	0.0	0.0	0.0	0.0	0.0	0.0	0.0	0.0	0.0	0.0	0.0	0.0	0.0	0.0	0.0	0.0	0.0	0.0	0.0	0.0	0.0	0.0	0.0	0.0	0.0	0.0	0.0	0.0	0.0	0.0	0.0	0.0	0.0	0.0	0.7269665780927325	0.0	0.0	0.0	0.0	0.0	0.0	0.0	0.0	0.0	0.0	0.0	0.0	0.0	0.0	0.0	0.0	0.0	0.0	0.0	0.0	0.0	0.0	0.0	0.0	0.0	0.0	0.0	0.0	0.0	0.0	0.0	0.0	0.0	0.0	0.0	0.0	0.0	0.0	0.0	0.0	0.0	0.0	0.0	0.0	0.0	0.0	0.0	0.0	0.0	0.0	0.0	0.9417069774754144	0.0	0.0	0.0	0.0	0.0	0.0	0.0	0.0	0.0	0.0	0.0	0.0	0.0	0.0	0.0	0.0	0.0	0.0	0.0	0.0	0.0	0.0	0.0	0.0	0.0	0.0	0.0	0.0	0.0	0.0	0.0	0.0	0.0	0.0	0.0	0.0
root:Environmental:Aquatic:Freshwater:Lotic:Sediment	0.0	0.0	0.0	0.0	0.0	0.0	0.0	0.0	0.0	0.0	0.0	0.0	0.0	0.0	0.0	0.0	0.0	0.0	0.0	0.0	0.0	0.0	0.0	0.0	0.0	0.0	0.0	0.0	0.0	0.0	0.0	0.0	0.0	0.0	0.0	0.0	0.0	0.0	0.0	0.0	0.0	0.0	0.0	0.0	0.0	0.0	0.0	0.0	0.0	0.0	0.0	0.0	0.0	0.0	0.0	0.0	0.0	0.0	0.0	0.0	0.0	0.0	0.0	0.0	0.0	0.0	0.0	0.0	0.0	0.0	0.0	0.0	0.0	0.0	0.0	0.0	0.0	0.0	0.0	0.0	0.0	0.587069360850069	0.0	0.0	0.0	0.0	0.0	0.0	0.0	0.0	0.0	0.0	0.0	0.0	0.0	0.0	0.0	0.0	0.0	0.0	0.0	0.0	0.0	0.0	0.0	0.0	0.0	0.0	0.0	0.0	0.0	0.0	0.0	0.0	0.0	0.0	0.0	0.0	0.0	0.0	0.0	0.0	0.0	0.0	0.0	0.0	0.0	0.0	0.0	0.0	0.0	0.0	0.0	0.0	0.0	0.0	0.0	0.0	0.0	0.0	0.0	0.0	0.0	0.0	0.0	0.0	0.0	0.0	0.0	0.0	0.0	0.0	0.0	0.0	0.0	0.0	0.5399372427159164	0.0	0.0	0.0	0.0	0.0	0.0	0.0	0.0	0.0	0.0	0.0	0.0	0.0	0.0	0.0	0.0	0.0	0.0	0.0	0.0	0.0	0.0	0.0	0.0	0.0	0.0	0.0	0.0	0.0	0.0	0.0	0.0	0.0	0.0	0.0	0.0	0.0	0.0	0.0	0.0	0.0	0.0	0.0	0.0	0.0	0.0	0.0	0.0	0.0	0.0	0.0	0.0	0.0	0.0	0.0	0.0	0.0	0.0	0.0	0.0	0.0	0.0	0.0	0.0	0.0	0.0	0.9085542000060954	0.0	0.0	0.0	0.0	0.0	0.0	0.0	0.0	0.0	0.0	0.0	0.0	0.0	0.0	0.0	0.0	0.0	0.0	0.0	0.0	0.0	0.0	0.0	0.0	0.0	0.0	0.0	0.0	0.0	0.0	0.0	0.0	0.0	0.0	0.0	0.0	0.0	0.0	0.0	0.0	0.0	0.0	0.0	0.0	0.0	0.0	0.0	0.0	0.0	0.0	0.0	0.0	0.0	0.0	0.0	0.0	0.0	0.0	0.0	0.0	0.0	0.0	0.0	0.0	0.0	0.0	0.0	0.0	0.0	0.0	0.0	0.0	0.0	0.0	0.0	0.0	0.0	0.0	0.0	0.0	0.0	0.0	0.0	0.0	0.0	0.0	0.0	0.0	0.0	0.0	0.0	0.0	0.0	0.0	0.0	0.0	0.0	0.0	0.0	0.0	0.0	0.0	0.0	0.0	0.0	0.0	0.0	0.0	0.0	0.0	0.0	0.0	0.0	0.0	0.0	0.0	0.0	0.0	0.0	0.0	0.0
root:Environmental:Aquatic:Lentic:Brackish	0.0	0.0	0.0	0.0	0.0	0.0	0.0	0.0	0.0	0.0	0.0	0.0	0.0	0.0	0.0	0.0	0.0	0.0	0.0	0.0	0.0	0.0	0.0	0.0	0.0	0.0	0.0	0.0	0.0	0.8225690449932742	0.0	0.0	0.0	0.0	0.0	0.0	0.0	0.0	0.0	0.8679820116177465	0.0	0.0	0.0	0.0	0.6591137078831791	0.0	0.0	0.0	0.0	0.0	0.0	0.0	0.0	0.0	0.0	0.0	0.0	0.0	0.0	0.0	0.0	0.0	0.0	0.0	0.0	0.0	0.0	0.0	0.0	0.0	0.0	0.0	0.0	0.0	0.0	0.0	0.0	0.0	0.0	0.0	0.0	0.0	0.0	0.0	0.0	0.0	0.752082256923849	0.0	0.0	0.0	0.0	0.0	0.0	0.0	0.0	0.0	0.0	0.0	0.0	0.0	0.0	0.0	0.0	0.0	0.0	0.0	0.0	0.0	0.0	0.0	0.0	0.0	0.0	0.0	0.0	0.0	0.0	0.0	0.0	0.0	0.0	0.0	0.0	0.0	0.0	0.7279425581615938	0.0	0.0	0.0	0.0	0.0	0.0	0.0	0.0	0.0	0.0	0.0	0.0	0.0	0.0	0.0	0.0	0.0	0.0	0.0	0.0	0.0	0.0	0.0	0.8742790630840713	0.0	0.0	0.0	0.0	0.0	0.0	0.0	0.0	0.0	0.0	0.0	0.0	0.0	0.0	0.0	0.0	0.0	0.0	0.0	0.0	0.0	0.0	0.0	0.0	0.0	0.0	0.0	0.0	0.0	0.0	0.0	0.0	0.0	0.0	0.0	0.0	0.0	0.0	0.0	0.0	0.0	0.0	0.0	0.0	0.0	0.0	0.0	0.0	0.0	0.0	0.0	0.0	0.9627531183500396	0.0	0.9418960804231707	0.0	0.0	0.0	0.0	0.0	0.0	0.0	0.0	0.0	0.0	0.0	0.0	0.0	0.0	0.0	0.0	0.0	0.0	0.0	0.0	0.0	0.0	0.0	0.0	0.0	0.0	0.0	0.8983349456793667	0.0	0.0	0.0	0.0	0.0	0.0	0.0	0.0	0.0	0.0	0.0	0.0	0.8287074209976314	0.0	0.0	0.0	0.9238177141315328	0.0	0.0	0.0	0.0	0.0	0.0	0.0	0.0	0.0	0.0	0.0	0.0	0.9671814397016609	0.0	0.0	0.0	0.0	0.0	0.0	0.0	0.0	0.0	0.0	0.0	0.9909372317688553	0.0	0.0	0.0	0.0	0.0	0.0	0.0	0.0	0.0	0.0	0.0	0.0	0.0	0.0	0.0	0.0	0.0	0.0	0.0	0.0	0.0	0.0	0.0	0.0	0.0	0.0	0.0	0.0	0.0	0.0	0.0	0.0	0.0	0.0	0.0	0.0	0.0	0.0	0.0	0.0	0.0	0.0	0.0	0.0	0.0	0.0	0.0	0.0	0.0	0.0	0.0	0.0	0.0	0.0	0.0	0.0	0.0	0.0	0.0	0.0	0.0	0.0	0.0	0.0	0.0	0.0	0.0	0.0	0.0	0.0
root:Environmental:Aquatic:Marine	0.0	0.0	0.0	0.0	0.6062934109239082	0.0	0.0	0.0	0.0	0.0	0.5917898894467756	0.0	0.0	0.0	0.0	0.0	0.6353342337836784	0.0	0.6517078878517865	0.0	0.0	0.0	0.9294292240515718	0.0	0.0	0.0	0.0	0.0	0.0	0.0	0.7462682399698477	0.0	0.0	0.0	0.0	0.6340219226636957	0.0	0.0	0.0	0.0	0.0	0.0	0.0	0.0	0.0	0.0	0.0	0.0	0.0	0.0	0.0	0.0	0.0	0.0	0.0	0.0	0.5150163423356677	0.0	0.0	0.0	0.0	0.0	0.0	0.0	0.0	0.0	0.0	0.0	0.0	0.6760981088467397	0.0	0.0	0.0	0.0	0.0	0.0	0.0	0.7336430678177598	0.0	0.0	0.0	0.0	0.0	0.0	0.0	0.0	0.0	0.0	0.0	0.5740467167474552	0.0	0.0	0.0	0.0	0.0	0.0	0.0	0.513506666251139	0.0	0.0	0.0	0.0	0.0	0.0	0.0	0.0	0.0	0.0	0.0	0.0	0.0	0.0	0.0	0.0	0.6500634183766852	0.0	0.0	0.0	0.0	0.0	0.0	0.0	0.0	0.0	0.0	0.0	0.0	0.0	0.0	0.7194270941003449	0.0	0.0	0.0	0.0	0.0	0.0	0.0	0.0	0.0	0.0	0.0	0.0	0.0	0.0	0.0	0.0	0.0	0.0	0.0	0.0	0.5147171888312738	0.6359568922769744	0.6029576569744334	0.0	0.0	0.0	0.0	0.0	0.0	0.0	0.0	0.0	0.0	0.0	0.0	0.6273764013842618	0.0	0.0	0.0	0.0	0.0	0.5060834707970586	0.0	0.6409632337787667	0.0	0.0	0.0	0.511296864951149	0.0	0.0	0.610807105827803	0.0	0.0	0.0	0.0	0.0	0.0	0.0	0.0	0.0	0.8562289079640065	0.0	0.0	0.0	0.0	0.0	0.0	0.0	0.0	0.0	0.0	0.9657672151941269	0.9791842383920556	0.0	0.8951746604493196	0.0	0.5694268138333075	0.0	0.0	0.0	0.0	0.0	0.0	0.0	0.0	0.0	0.0	0.0	0.515328891003954	0.0	0.0	0.0	0.0	0.0	0.0	0.0	0.0	0.0	0.0	0.0	0.0	0.0	0.7388374416426019	0.0	0.0	0.0	0.0	0.0	0.0	0.0	0.0	0.0	0.0	0.0	0.0	0.9426991664417388	0.0	0.0	0.0	0.0	0.0	0.0	0.0	0.0	0.0	0.0	0.0	0.0	0.0	0.0	0.0	0.5646983634419578	0.9376047386474827	0.0	0.0	0.0	0.0	0.0	0.0	0.0	0.0	0.0	0.0	0.0	0.7522302820916513	0.0	0.0	0.0	0.0	0.7167667919495072	0.6302128133009232	0.0	0.0	0.0	0.0	0.0	0.0	0.0	0.0	0.0	0.0	0.0	0.0	0.0	0.0	0.0	0.0	0.0	0.0	0.0	0.0	0.0	0.0	0.0	0.7865274720062879	0.0	0.0	0.0	0.0	0.0	0.0	0.0	0.0	0.0	0.0	0.0	0.0	0.0	0.9615520323020732	0.0	0.0	0.0	0.0	0.0	0.0	0.0	0.0	0.0	0.0	0.0	0.0	0.0	0.0	0.0	0.0	0.0	0.0	0.0	0.0	0.0	0.0	0.0	0.0	0.0	0.0
root:Environmental:Aquatic:Marine:Hydrothermal vents	0.0	0.0	0.0	0.0	0.0	0.0	0.0	0.0	0.0	0.0	0.0	0.0	0.0	0.0	0.0	0.0	0.0	0.0	0.0	0.0	0.0	0.0	0.0	0.0	0.0	0.0	0.0	0.0	0.0	0.0	0.8425241261866739	0.0	0.0	0.0	0.0	0.0	0.0	0.0	0.0	0.0	0.0	0.0	0.0	0.0	0.0	0.0	0.0	0.0	0.0	0.0	0.0	0.0	0.0	0.0	0.0	0.0	0.0	0.0	0.0	0.0	0.0	0.0	0.0	0.7862845606315835	0.0	0.0	0.0	0.0	0.0	0.0	0.0	0.0	0.0	0.0	0.0	0.0	0.0	0.0	0.0	0.0	0.0	0.0	0.0	0.0	0.0	0.0	0.0	0.0	0.0	0.0	0.0	0.0	0.0	0.0	0.0	0.0	0.0	0.0	0.0	0.0	0.0	0.0	0.0	0.0	0.0	0.7309902087333913	0.0	0.0	0.0	0.0	0.0	0.0	0.0	0.0	0.0	0.0	0.0	0.0	0.0	0.0	0.0	0.0	0.0	0.0	0.0	0.0	0.0	0.0	0.0	0.0	0.0	0.0	0.0	0.0	0.0	0.0	0.0	0.0	0.0	0.0	0.0	0.0	0.0	0.0	0.0	0.0	0.0	0.0	0.0	0.0	0.0	0.0	0.0	0.0	0.0	0.0	0.0	0.0	0.0	0.0	0.0	0.0	0.0	0.0	0.0	0.0	0.0	0.0	0.0	0.0	0.0	0.0	0.0	0.0	0.0	0.0	0.0	0.0	0.0	0.0	0.0	0.0	0.0	0.0	0.0	0.0	0.0	0.0	0.0	0.0	0.0	0.0	0.0	0.0	0.0	0.0	0.0	0.0	0.0	0.0	0.0	0.0	0.0	0.0	0.0	0.0	0.0	0.0	0.0	0.0	0.0	0.0	0.0	0.0	0.0	0.0	0.0	0.0	0.0	0.0	0.0	0.0	0.0	0.0	0.0	0.0	0.0	0.0	0.0	0.0	0.0	0.0	0.0	0.0	0.0	0.0	0.0	0.0	0.0	0.0	0.0	0.0	0.0	0.0	0.0	0.0	0.0	0.0	0.0	0.0	0.0	0.0	0.0	0.0	0.0	0.0	0.0	0.0	0.0	0.0	0.0	0.0	0.0	0.0	0.0	0.0	0.0	0.0	0.0	0.0	0.0	0.0	0.0	0.0	0.0	0.0	0.0	0.0	0.0	0.0	0.0	0.0	0.0	0.0	0.0	0.0	0.0	0.0	0.0	0.0	0.0	0.0	0.0	0.0	0.0	0.0	0.0	0.0	0.0	0.0	0.0	0.0	0.0	0.0	0.0	0.0	0.0	0.0	0.0	0.0	0.0	0.9999999999335093	0.0	0.0	0.0	0.0	0.0	0.0	0.0	0.0	0.0	0.0	0.0	0.0	0.0	0.0	0.0	0.0	0.0	0.0	0.0	0.0	0.0	0.0	0.0	0.0	0.0	0.0	0.0	0.0	0.0	0.0	0.0	0.9785812155598372	0.0
root:Environmental:Aquatic:Marine:Intertidal zone:Coral reef	0.0	0.0	0.0	0.0	0.0	0.7062269650402104	0.0	0.0	0.0	0.0	0.0	0.0	0.0	0.0	0.0	0.0	0.0	0.0	0.0	0.0	0.0	0.0	0.0	0.0	0.0	0.0	0.0	0.0	0.0	0.0	0.0	0.0	0.0	0.0	0.0	0.0	0.0	0.0	0.0	0.0	0.0	0.0	0.0	0.0	0.0	0.7175811012730179	0.0	0.0	0.0	0.0	0.0	0.0	0.0	0.0	0.0	0.0	0.0	0.6186157076301008	0.0	0.0	0.0	0.0	0.0	0.0	0.0	0.0	0.0	0.0	0.6127135945669192	0.0	0.0	0.0	0.0	0.0	0.0	0.0	0.0	0.0	0.0	0.0	0.0	0.0	0.0	0.0	0.0	0.0	0.0	0.0	0.0	0.0	0.0	0.0	0.0	0.0	0.0	0.0	0.0	0.0	0.0	0.0	0.0	0.0	0.0	0.0	0.0	0.0	0.0	0.0	0.0	0.0	0.0	0.0	0.0	0.0	0.0	0.0	0.0	0.0	0.0	0.0	0.0	0.0	0.0	0.0	0.0	0.0	0.0	0.0	0.0	0.0	0.0	0.0	0.0	0.0	0.0	0.0	0.0	0.0	0.0	0.0	0.0	0.0	0.0	0.0	0.0	0.0	0.0	0.0	0.0	0.0	0.0	0.0	0.0	0.0	0.0	0.0	0.0	0.0	0.0	0.0	0.0	0.0	0.0	0.0	0.0	0.0	0.0	0.0	0.0	0.0	0.0	0.0	0.0	0.0	0.0	0.0	0.0	0.0	0.0	0.0	0.0	0.0	0.0	0.0	0.0	0.0	0.0	0.0	0.0	0.0	0.0	0.0	0.0	0.0	0.0	0.0	0.0	0.0	0.0	0.0	0.0	0.0	0.0	0.0	0.0	0.0	0.0	0.0	0.0	0.0	0.0	0.0	0.0	0.0	0.0	0.0	0.0	0.0	0.0	0.0	0.0	0.0	0.0	0.0	0.0	0.0	0.0	0.0	0.0	0.0	0.0	0.0	0.0	0.0	0.0	0.0	0.0	0.0	0.0	0.0	0.0	0.0	0.0	0.0	0.0	0.0	0.0	0.0	0.0	0.0	0.0	0.0	0.0	0.0	0.0	0.0	0.0	0.0	0.0	0.0	0.0	0.0	0.0	0.0	0.0	0.0	0.0	0.0	0.0	0.0	0.0	0.0	0.0	0.0	0.0	0.0	0.0	0.0	0.0	0.0	0.0	0.0	0.0	0.0	0.0	0.0	0.0	0.0	0.0	0.0	0.0	0.0	0.0	0.0	0.0	0.0	0.0	0.5045608844393775	0.0	0.0	0.0	0.0	0.0	0.0	0.0	0.0	0.0	0.0	0.0	0.0	0.0	0.0	0.0	0.0	0.0	0.0	0.0	0.0	0.0	0.0	0.0	0.0	0.0	0.0	0.0	0.0	0.0	0.0	0.0	0.0	0.0	0.0	0.0	0.0	0.0	0.0	0.0	0.0	0.0	0.0	0.9202828979689676	0.0	0.0	0.0	0.0
root:Environmental:Aquatic:Marine:Intertidal zone:Estuary	0.0	0.0	0.0	0.0	0.0	0.0	0.0	0.0	0.0	0.0	0.0	0.0	0.0	0.0	0.0	0.0	0.0	0.0	0.0	0.0	0.0	0.0	0.0	0.0	0.0	0.0	0.0	0.0	0.0	0.0	0.0	0.0	0.0	0.0	0.0	0.0	0.0	0.0	0.0	0.0	0.0	0.0	0.8194231598933301	0.0	0.0	0.0	0.0	0.0	0.0	0.0	0.0	0.0	0.0	0.0	0.0	0.0	0.0	0.0	0.6224572688710532	0.0	0.0	0.0	0.0	0.6863347905761984	0.0	0.0	0.0	0.0	0.0	0.0	0.0	0.0	0.0	0.0	0.0	0.0	0.0	0.0	0.0	0.6863591243136112	0.0	0.0	0.0	0.0	0.0	0.0	0.0	0.0	0.0	0.0	0.0	0.0	0.0	0.0	0.0	0.0	0.0	0.0	0.0	0.0	0.0	0.0	0.0	0.0	0.0	0.0	0.0	0.0	0.0	0.0	0.0	0.0	0.0	0.0	0.0	0.0	0.0	0.0	0.0	0.0	0.0	0.0	0.0	0.0	0.0	0.0	0.0	0.0	0.0	0.0	0.0	0.0	0.0	0.0	0.0	0.0	0.0	0.0	0.0	0.0	0.0	0.0	0.0	0.0	0.0	0.0	0.0	0.0	0.0	0.0	0.0	0.0	0.0	0.0	0.0	0.0	0.0	0.0	0.0	0.0	0.0	0.0	0.0	0.0	0.0	0.0	0.0	0.0	0.0	0.0	0.5757859072348953	0.7435773886124736	0.0	0.0	0.0	0.0	0.0	0.0	0.0	0.5901661023646988	0.6852798081088339	0.0	0.0	0.0	0.0	0.0	0.0	0.0	0.0	0.0	0.0	0.0	0.0	0.0	0.0	0.0	0.0	0.0	0.0	0.0	0.0	0.0	0.0	0.0	0.0	0.0	0.0	0.0	0.0	0.0	0.0	0.0	0.0	0.0	0.5051597887210657	0.0	0.0	0.0	0.0	0.0	0.0	0.0	0.0	0.6898627220200226	0.0	0.0	0.0	0.0	0.0	0.0	0.0	0.0	0.0	0.0	0.0	0.0	0.0	0.0	0.0	0.0	0.0	0.0	0.0	0.0	0.0	0.0	0.0	0.0	0.0	0.0	0.0	0.0	0.0	0.0	0.0	0.0	0.663483211442336	0.0	0.0	0.0	0.0	0.0	0.0	0.0	0.0	0.0	0.0	0.0	0.0	0.0	0.0	0.0	0.0	0.0	0.0	0.0	0.0	0.0	0.0	0.0	0.0	0.0	0.0	0.0	0.0	0.0	0.0	0.0	0.0	0.0	0.0	0.0	0.0	0.0	0.0	0.0	0.0	0.0	0.0	0.0	0.0	0.0	0.0	0.0	0.0	0.0	0.0	0.0	0.0	0.0	0.0	0.0	0.0	0.0	0.0	0.0	0.0	0.0	0.0	0.0	0.0	0.0	0.0	0.0	0.0	0.0	0.0	0.0	0.0	0.0	0.0	0.0	0.8170152181814879	0.0	0.0	0.0	0.0	0.0	0.0	0.0	0.0	0.0	0.0	0.0	0.0
root:Environmental:Aquatic:Marine:Oceanic	0.0	0.0	0.0	0.0	0.0	0.6013866422853873	0.0	0.0	0.0	0.0	0.0	0.0	0.0	0.0	0.0	0.0	0.7140986661876111	0.0	0.0	0.0	0.0	0.0	0.0	0.0	0.0	0.0	0.0	0.0	0.0	0.0	0.0	0.0	0.0	0.0	0.0	0.5967920203769611	0.0	0.0	0.0	0.0	0.0	0.0	0.0	0.0	0.0	0.0	0.0	0.0	0.0	0.0	0.0	0.5011831196799678	0.0	0.0	0.0	0.0	0.720362851428216	0.6964336387604891	0.0	0.0	0.0	0.0	0.0	0.0	0.0	0.0	0.0	0.0	0.0	0.0	0.0	0.0	0.0	0.0	0.0	0.0	0.0	0.0	0.0	0.0	0.0	0.0	0.0	0.0	0.0	0.0	0.0	0.0	0.0	0.0	0.0	0.0	0.0	0.0	0.0	0.0	0.0	0.0	0.0	0.0	0.0	0.0	0.0	0.0	0.0	0.0	0.0	0.0	0.0	0.0	0.567139164224984	0.0	0.0	0.0	0.0	0.0	0.0	0.0	0.0	0.0	0.0	0.0	0.0	0.0	0.0	0.0	0.0	0.0	0.0	0.0	0.0	0.0	0.0	0.0	0.0	0.0	0.6077747255101968	0.0	0.0	0.0	0.0	0.0	0.0	0.0	0.0	0.0	0.0	0.0	0.0	0.0	0.0	0.0	0.5725137995822815	0.0	0.0	0.0	0.0	0.0	0.0	0.0	0.0	0.0	0.0	0.0	0.0	0.6713569551518829	0.0	0.0	0.0	0.0	0.0	0.0	0.0	0.6774641087043977	0.0	0.0	0.0	0.0	0.0	0.0	0.0	0.0	0.0	0.0	0.0	0.0	0.0	0.0	0.0	0.0	0.0	0.0	0.0	0.0	0.0	0.0	0.0	0.0	0.0	0.0	0.0	0.0	0.0	0.0	0.0	0.0	0.0	0.0	0.0	0.0	0.0	0.0	0.0	0.0	0.0	0.0	0.0	0.0	0.6155665881716246	0.0	0.0	0.0	0.0	0.8334267663815255	0.0	0.0	0.0	0.0	0.0	0.0	0.0	0.0	0.0	0.0	0.0	0.0	0.0	0.0	0.0	0.0	0.0	0.0	0.0	0.0	0.0	0.0	0.0	0.0	0.0	0.5801880216095827	0.0	0.0	0.0	0.0	0.0	0.0	0.0	0.0	0.0	0.0	0.0	0.7223345283532249	0.0	0.0	0.0	0.0	0.0	0.0	0.0	0.0	0.0	0.0	0.0	0.0	0.0	0.0	0.0	0.0	0.0	0.0	0.0	0.0	0.0	0.0	0.0	0.0	0.0	0.0	0.0	0.0	0.0	0.0	0.0	0.0	0.0	0.6033725687467499	0.0	0.0	0.0	0.0	0.0	0.0	0.0	0.0	0.0	0.0	0.0	0.0	0.0	0.0	0.0	0.0	0.0	0.0	0.0	0.0	0.0	0.0	0.0	0.0	0.0	0.0	0.0	0.0	0.0	0.0	0.0	0.0	0.0	0.0	0.0	0.0	0.8441935437491769	0.0	0.0	0.0	0.0	0.0	0.0	0.0	0.0	0.0	0.0	0.0	0.0
root:Environmental:Aquatic:Marine:Sediment	0.0	0.0	0.0	0.0	0.0	0.0	0.0	0.0	0.0	0.0	0.0	0.0	0.0	0.0	0.0	0.0	0.0	0.0	0.0	0.0	0.0	0.0	0.0	0.0	0.0	0.0	0.0	0.0	0.0	0.0	0.0	0.0	0.0	0.0	0.0	0.0	0.0	0.0	0.0	0.0	0.0	0.0	0.9050917117866714	0.0	0.0	0.0	0.0	0.0	0.0	0.0	0.0	0.0	0.0	0.0	0.0	0.0	0.0	0.0	0.0	0.0	0.0	0.0	0.0	0.0	0.0	0.0	0.0	0.0	0.0	0.0	0.0	0.0	0.0	0.0	0.0	0.0	0.0	0.0	0.0	0.0	0.0	0.0	0.0	0.0	0.0	0.0	0.0	0.0	0.0	0.0	0.0	0.0	0.0	0.0	0.0	0.0	0.0	0.0	0.0	0.0	0.0	0.0	0.0	0.0	0.0	0.0	0.0	0.0	0.0	0.0	0.0	0.0	0.0	0.0	0.0	0.0	0.0	0.0	0.0	0.0	0.0	0.0	0.0	0.0	0.0	0.0	0.0	0.0	0.0	0.0	0.0	0.0	0.0	0.0	0.0	0.0	0.0	0.0	0.0	0.0	0.0	0.0	0.0	0.0	0.0	0.0	0.0	0.0	0.0	0.0	0.0	0.0	0.0	0.0	0.0	0.0	0.0	0.0	0.0	0.0	0.0	0.0	0.0	0.0	0.0	0.0	0.0	0.0	0.0	0.0	0.0	0.0	0.0	0.0	0.0	0.0	0.0	0.0	0.0	0.0	0.0	0.0	0.0	0.0	0.0	0.0	0.0	0.0	0.0	0.0	0.0	0.0	0.0	0.0	0.0	0.0	0.0	0.0	0.0	0.0	0.0	0.0	0.0	0.0	0.0	0.0	0.0	0.0	0.0	0.0	0.0	0.0	0.0	0.0	0.0	0.0	0.0	0.0	0.0	0.0	0.0	0.0	0.0	0.0	0.0	0.0	0.0	0.0	0.0	0.0	0.0	0.0	0.0	0.0	0.0	0.0	0.0	0.0	0.0	0.0	0.0	0.0	0.0	0.0	0.0	0.0	0.0	0.0	0.0	0.0	0.0	0.0	0.0	0.0	0.0	0.0	0.0	0.0	0.0	0.0	0.0	0.0	0.0	0.0	0.0	0.0	0.0	0.0	0.0	0.0	0.0	0.0	0.0	0.0	0.0	0.0	0.0	0.0	0.0	0.0	0.0	0.0	0.0	0.0	0.0	0.0	0.0	0.0	0.0	0.0	0.0	0.0	0.0	0.0	0.0	0.0	0.0	0.0	0.0	0.0	0.0	0.0	0.0	0.0	0.0	0.0	0.0	0.0	0.0	0.0	0.0	0.0	0.0	0.0	0.0	0.0	0.0	0.0	0.0	0.0	0.0	0.0	0.0	0.0	0.0	0.0	0.0	0.0	0.0	0.0	0.0	0.0	0.0	0.0	0.0	0.0	0.0	0.0	0.0	0.0	0.0	0.0	0.0	0.0	0.9760921450291548
root:Environmental:Aquatic:Non-marine Saline and Alkaline:Salt crystallizer pond	0.0	0.0	0.0	0.0	0.0	0.0	0.0	0.0	0.0	0.0	0.8333396424587507	0.0	0.0	0.0	0.0	0.0	0.0	0.0	0.0	0.0	0.0	0.0	0.0	0.0	0.0	0.0	0.0	0.0	0.0	0.0	0.0	0.0	0.0	0.0	0.0	0.0	0.0	0.0	0.0	0.0	0.0	0.0	0.0	0.0	0.0	0.0	0.0	0.0	0.0	0.0	0.0	0.0	0.0	0.0	0.0	0.0	0.0	0.0	0.0	0.0	0.0	0.0	0.0	0.0	0.0	0.0	0.0	0.0	0.0	0.0	0.0	0.0	0.0	0.0	0.0	0.0	0.0	0.0	0.0	0.0	0.0	0.0	0.0	0.0	0.0	0.0	0.0	0.0	0.5487933297818716	0.0	0.0	0.0	0.0	0.0	0.0	0.0	0.0	0.0	0.0	0.0	0.0	0.0	0.0	0.0	0.0	0.0	0.0	0.0	0.0	0.0	0.0	0.0	0.0	0.0	0.0	0.0	0.0	0.0	0.0	0.0	0.0	0.0	0.0	0.0	0.0	0.0	0.0	0.0	0.0	0.0	0.0	0.0	0.0	0.0	0.0	0.0	0.0	0.0	0.0	0.0	0.0	0.0	0.0	0.0	0.0	0.0	0.0	0.0	0.0	0.0	0.0	0.0	0.750193139150478	0.0	0.0	0.0	0.0	0.0	0.0	0.0	0.0	0.0	0.0	0.0	0.0	0.0	0.0	0.0	0.0	0.0	0.0	0.0	0.0	0.0	0.0	0.0	0.0	0.0	0.0	0.0	0.0	0.0	0.0	0.0	0.0	0.0	0.0	0.0	0.0	0.0	0.0	0.0	0.0	0.0	0.0	0.0	0.0	0.0	0.0	0.0	0.0	0.0	0.0	0.0	0.0	0.0	0.0	0.0	0.0	0.0	0.0	0.0	0.0	0.0	0.0	0.0	0.0	0.0	0.0	0.0	0.0	0.0	0.0	0.0	0.0	0.0	0.0	0.0	0.0	0.0	0.0	0.0	0.0	0.0	0.0	0.0	0.0	0.0	0.0	0.0	0.0	0.0	0.0	0.0	0.0	0.0	0.0	0.0	0.0	0.0	0.0	0.0	0.0	0.0	0.0	0.0	0.0	0.0	0.0	0.0	0.0	0.0	0.0	0.0	0.0	0.0	0.0	0.0	0.0	0.0	0.0	0.0	0.0	0.0	0.0	0.0	0.0	0.0	0.0	0.0	0.0	0.0	0.0	0.0	0.0	0.0	0.0	0.0	0.0	0.0	0.0	0.0	0.0	0.0	0.0	0.0	0.0	0.0	0.0	0.0	0.0	0.0	0.0	0.0	0.0	0.0	0.0	0.0	0.0	0.0	0.0	0.0	0.0	0.0	0.0	0.0	0.0	0.0	0.0	0.0	0.0	0.0	0.0	0.0	0.0	0.0	0.0	0.0	0.0	0.0	0.0	0.0	0.0	0.0	0.0	0.0	0.0	0.0	0.0	0.0	0.0	0.0	0.0	0.0	0.0
root:Environmental:Terrestrial:Soil	0.0	0.0	0.0	0.0	0.0	0.0	0.0	0.0	0.0	0.0	0.0	0.0	0.0	0.0	0.0	0.0	0.0	0.0	0.0	0.0	0.0	0.0	0.8505663017930049	0.0	0.0	0.0	0.0	0.0	0.0	0.0	0.0	0.0	0.0	0.0	0.0	0.0	0.0	0.0	0.0	0.0	0.0	0.0	0.0	0.0	0.8404977220207887	0.0	0.0	0.0	0.0	0.762915217399973	0.0	0.0	0.0	0.0	0.0	0.0	0.0	0.0	0.0	0.0	0.0	0.0	0.0	0.0	0.0	0.0	0.0	0.0	0.0	0.0	0.7742403289049639	0.0	0.0	0.0	0.0	0.0	0.0	0.0	0.0	0.0	0.0	0.0	0.0	0.0	0.0	0.0	0.0	0.0	0.0	0.0	0.0	0.0	0.0	0.0	0.0	0.0	0.5658857703253679	0.0	0.0	0.0	0.0	0.0	0.0	0.0	0.0	0.0	0.0	0.0	0.0	0.0	0.0	0.0	0.0	0.0	0.0	0.0	0.0	0.0	0.0	0.0	0.0	0.0	0.0	0.0	0.0	0.0	0.0	0.0	0.0	0.0	0.0	0.0	0.0	0.0	0.0	0.0	0.0	0.0	0.0	0.0	0.0	0.0	0.9088276706140305	0.0	0.0	0.0	0.0	0.0	0.0	0.7758410002660222	0.0	0.0	0.0	0.0	0.0	0.0	0.0	0.0	0.0	0.0	0.0	0.0	0.0	0.0	0.0	0.0	0.0	0.0	0.0	0.0	0.0	0.0	0.0	0.0	0.0	0.0	0.0	0.0	0.0	0.0	0.0	0.0	0.0	0.0	0.0	0.0	0.0	0.0	0.0	0.0	0.0	0.0	0.0	0.0	0.0	0.0	0.0	0.0	0.0	0.0	0.0	0.0	0.9807513718190887	0.9985987422690291	0.9157897554705606	0.0	0.0	0.0	0.0	0.0	0.0	0.0	0.0	0.0	0.0	0.0	0.0	0.0	0.0	0.0	0.0	0.0	0.0	0.0	0.0	0.0	0.0	0.0	0.0	0.0	0.0	0.0	0.0	0.0	0.0	0.0	0.0	0.0	0.0	0.0	0.0	0.0	0.0	0.0	0.0	0.6975802082121234	0.0	0.0	0.0	0.8756941709341827	0.0	0.0	0.0	0.0	0.0	0.0	0.0	0.0	0.0	0.0	0.0	0.0	0.8960619051151207	0.0	0.0	0.0	0.0	0.0	0.0	0.0	0.0	0.0	0.0	0.0	0.95259332172455	0.0	0.0	0.0	0.0	0.0	0.0	0.0	0.0	0.0	0.0	0.0	0.0	0.0	0.0	0.0	0.0	0.0	0.0	0.0	0.0	0.0	0.0	0.0	0.0	0.0	0.0	0.0	0.0	0.0	0.0	0.0	0.0	0.0	0.0	0.0	0.0	0.0	0.0	0.0	0.0	0.0	0.0	0.0	0.0	0.0	0.0	0.0	0.0	0.0	0.0	0.0	0.0	0.0	0.0	0.0	0.0	0.0	0.0	0.0	0.0	0.0	0.0	0.0	0.0	0.0	0.0	0.0	0.0	0.0	0.0
root:Host-associated:Birds	0.9025923532783086	0.0	0.0	0.0	0.0	0.0	0.0	0.0	0.0	0.0	0.0	0.0	0.0	0.0	0.0	0.0	0.0	0.0	0.0	0.6646748625551641	0.5670215213131171	0.0	0.0	0.863117773744604	0.0	0.0	0.0	0.5523272277534265	0.0	0.0	0.0	0.0	0.0	0.0	0.0	0.0	0.0	0.0	0.0	0.0	0.0	0.0	0.0	0.0	0.0	0.0	0.0	0.0	0.0	0.0	0.0	0.0	0.0	0.0	0.0	0.0	0.0	0.0	0.0	0.0	0.0	0.0	0.0	0.8522169311947342	0.0	0.0	0.0	0.0	0.0	0.0	0.0	0.0	0.0	0.0	0.0	0.0	0.0	0.0	0.892502162587506	0.0	0.0	0.0	0.0	0.0	0.0	0.0	0.0	0.6228778291214255	0.0	0.0	0.0	0.0	0.0	0.0	0.0	0.0	0.0	0.9218042326993605	0.0	0.0	0.0	0.0	0.0	0.0	0.0	0.0	0.0	0.0	0.5482662448289662	0.7811382127339233	0.0	0.0	0.0	0.0	0.0	0.0	0.0	0.0	0.0	0.0	0.0	0.0	0.0	0.0	0.0	0.5825310486288097	0.0	0.0	0.0	0.0	0.0	0.0	0.0	0.5045741286230642	0.0	0.0	0.0	0.0	0.0	0.0	0.0	0.0	0.7960285341816902	0.0	0.0	0.5416569370960657	0.0	0.8114052859307576	0.0	0.0	0.0	0.0	0.9881308328467945	0.0	0.0	0.0	0.0	0.0	0.0	0.0	0.0	0.0	0.0	0.0	0.0	0.0	0.7027637674290951	0.0	0.5300042817509115	0.0	0.0	0.0	0.0	0.0	0.0	0.0	0.0	0.0	0.0	0.0	0.0	0.0	0.0	0.0	0.0	0.0	0.0	0.0	0.0	0.0	0.0	0.0	0.0	0.0	0.0	0.0	0.0	0.0	0.6928402819871718	0.0	0.0	0.0	0.0	0.0	0.0	0.0	0.0	0.0	0.0	0.0	0.5152924066934248	0.0	0.0	0.0	0.0	0.0	0.0	0.0	0.0	0.0	0.0	0.0	0.0	0.7278804951502261	0.0	0.0	0.0	0.0	0.0	0.0	0.0	0.0	0.0	0.0	0.0	0.0	0.0	0.0	0.0	0.678208818149812	0.0	0.0	0.0	0.0	0.0	0.7740210590532386	0.0	0.0	0.0	0.0	0.0	0.6413488261939037	0.719118338686224	0.0	0.0	0.0	0.0	0.0	0.0	0.0	0.0	0.0	0.9925792171406352	0.0	0.0	0.0	0.0	0.0	0.0	0.6730763120943041	0.0	0.0	0.0	0.0	0.0	0.0	0.0	0.0	0.0	0.0	0.0	0.0	0.0	0.0	0.0	0.0	0.0	0.0	0.0	0.5777954976717669	0.0	0.0	0.0	0.7008661233744117	0.0	0.0	0.0	0.0	0.0	0.5758972699308376	0.0	0.0	0.0	0.0	0.0	0.0	0.6209282441040442	0.0	0.0	0.0	0.0	0.0	0.6201030686256578	0.0	0.0	0.0	0.0	0.0	0.0	0.0	0.0	0.8345021539973366	0.0	0.0	0.0	0.0	0.0	0.8325343874175251	0.0	0.0	0.0	0.0	0.0	0.0	0.0	0.0	0.0	0.6610961813667545	0.0	0.0	0.0	0.0	0.0	0.0	0.0
root:Host-associated:Human	0.0	0.0	0.0	0.0	0.0	0.7364727557489251	0.0	0.0	0.6516271098208949	0.5458972190132884	0.7397326468972043	0.8590390604690173	0.0	0.0	0.0	0.0	0.0	0.0	0.0	0.0	0.0	0.0	0.0	0.0	0.0	0.0	0.8971837488540663	0.0	0.0	0.0	0.0	0.8792035812502128	0.0	0.644120243337369	0.0	0.0	0.0	0.5387867619949499	0.0	0.0	0.0	0.0	0.0	0.0	0.0	0.0	0.0	0.0	0.0	0.0	0.0	0.0	0.0	0.6451286016873602	0.0	0.0	0.0	0.0	0.0	0.0	0.0	0.0	0.6223608465516324	0.0	0.0	0.0	0.0	0.0	0.0	0.6652243232923577	0.0	0.0	0.694309151540114	0.0	0.0	0.0	0.0	0.0	0.0	0.0	0.8227075070292766	0.0	0.0	0.6685752628958522	0.0	0.0	0.6060012170895274	0.0	0.0	0.7666915806384579	0.0	0.6304518486876725	0.5588833906230407	0.0	0.0	0.0	0.0	0.0	0.0	0.6719805285924559	0.0	0.0	0.0	0.0	0.0	0.0	0.0	0.0	0.0	0.0	0.0	0.0	0.8140120346027087	0.0	0.0	0.0	0.0	0.8712737269561185	0.0	0.0	0.0	0.0	0.0	0.0	0.0	0.8416992416207251	0.0	0.0	0.530351681003781	0.0	0.0	0.0	0.0	0.0	0.0	0.0	0.0	0.0	0.9318531583823333	0.0	0.0	0.0	0.0	0.585282499125375	0.5646127499155772	0.0	0.0	0.0	0.0	0.0	0.0	0.6416109461702016	0.0	0.0	0.0	0.0	0.0	0.0	0.0	0.5298591006023227	0.0	0.0	0.0	0.8349286746210366	0.7209180468726376	0.0	0.0	0.0	0.0	0.0	0.0	0.0	0.0	0.0	0.0	0.8102872011346437	0.0	0.0	0.0	0.0	0.0	0.8559388141044998	0.0	0.0	0.0	0.0	0.0	0.6956679856073181	0.0	0.0	0.0	0.0	0.0	0.0	0.0	0.0	0.0	0.0	0.7758537096008006	0.0	0.0	0.0	0.0	0.0	0.0	0.0	0.0	0.0	0.0	0.0	0.7022958591492904	0.0	0.6881483282582855	0.9055889017009506	0.0	0.0	0.0	0.0	0.0	0.0	0.0	0.0	0.0	0.0	0.0	0.0	0.0	0.5933008574256889	0.0	0.0	0.0	0.0	0.5659441460490583	0.0	0.0	0.0	0.0	0.0	0.0	0.0	0.0	0.0	0.0	0.0	0.0	0.0	0.0	0.0	0.0	0.0	0.0	0.0	0.0	0.6043283487008556	0.0	0.0	0.7364561719010466	0.0	0.0	0.0	0.5704692169959477	0.0	0.0	0.0	0.0	0.0	0.0	0.0	0.0	0.0	0.0	0.0	0.0	0.0	0.0	0.0	0.0	0.0	0.0	0.0	0.0	0.0	0.0	0.0	0.0	0.0	0.0	0.0	0.0	0.0	0.0	0.0	0.8417321218965782	0.0	0.0	0.0	0.0	0.0	0.0	0.0	0.6133412124158144	0.0	0.0	0.6582179245163743	0.0	0.0	0.0	0.0	0.0	0.0	0.0	0.0	0.0	0.0	0.0	0.0	0.0	0.0	0.0	0.0	0.0	0.0	0.0	0.0	0.0	0.0	0.0	0.0	0.0	0.0	0.0	0.0	0.0	0.0	0.0	0.0	0.0	0.0	0.0	0.0	0.0	0.0	0.0	0.0	0.0
root:Host-associated:Human:Digestive system	0.0	0.0	0.0	0.0	0.0	0.0	0.833557984884914	0.0	0.7513286832236815	0.0	0.6715470921034496	0.0	0.0	0.0	0.0	0.0	0.0	0.0	0.0	0.0	0.0	0.0	0.0	0.0	0.0	0.6135218817313756	0.0	0.0	0.0	0.0	0.0	0.5700728639897451	0.0	0.5582055654291489	0.5645642930999968	0.0	0.0	0.0	0.0	0.0	0.5157335628145888	0.0	0.8097697906914346	0.0	0.0	0.0	0.0	0.0	0.576018105785918	0.5564463243249201	0.0	0.0	0.6114877392890813	0.585275175119241	0.0	0.7839802860993176	0.0	0.0	0.567487527348609	0.0	0.9132486174432564	0.0	0.5270663907524277	0.8769793090131929	0.0	0.0	0.0	0.5635048979286589	0.6731647339232749	0.0	0.0	0.0	0.0	0.0	0.6013908115467252	0.0	0.8927350118352096	0.0	0.0	0.0	0.0	0.0	0.0	0.0	0.9731223060947883	0.0	0.7664009111862858	0.0	0.0	0.7540682174952038	0.0	0.0	0.0	0.0	0.0	0.0	0.0	0.0	0.0	0.0	0.0	0.0	0.0	0.0	0.0	0.0	0.0	0.0	0.0	0.0	0.0	0.0	0.507151495416844	0.0	0.0	0.0	0.0	0.0	0.0	0.0	0.0	0.0	0.7769860908561633	0.0	0.0	0.8035236895833434	0.0	0.0	0.0	0.0	0.0	0.0	0.0	0.0	0.6386869247923127	0.0	0.0	0.0	0.0	0.0	0.0	0.0	0.0	0.597196992959045	0.6071139153507282	0.0	0.0	0.7216905749792338	0.0	0.0	0.0	0.0	0.8836974153144532	0.0	0.0	0.0	0.0	0.8736620080364442	0.882926844255052	0.0	0.0	0.6907596654617771	0.0	0.0	0.517652227333064	0.0	0.0	0.607029273375805	0.6704578040966375	0.0	0.0	0.0	0.7788062463964399	0.0	0.0	0.6261604000865854	0.0	0.0	0.0	0.0	0.7441419741868706	0.6613050521652725	0.0	0.0	0.0	0.0	0.7358908640337498	0.0	0.0	0.0	0.0	0.0	0.0	0.0	0.0	0.7565851584422121	0.0	0.6900381093507336	0.5866103861641864	0.6230138654313824	0.0	0.0	0.0	0.0	0.0	0.0	0.0	0.0	0.6471611334322623	0.0	0.0	0.0	0.0	0.6395527087620408	0.0	0.0	0.0	0.5308677781108995	0.0	0.0	0.0	0.0	0.0	0.8403245721834157	0.0	0.8028651152835442	0.0	0.0	0.0	0.6785244103229585	0.0	0.0	0.0	0.0	0.0	0.0	0.0	0.5615541060380128	0.0	0.0	0.5729192933975801	0.0	0.547103334752414	0.8271638475667241	0.5810606793489659	0.0	0.0	0.7756252427888161	0.0	0.0	0.0	0.0	0.0	0.0	0.0	0.0	0.6604253780508608	0.0	0.0	0.0	0.582601259061104	0.0	0.0	0.5655585350484338	0.8947191688743769	0.0	0.0	0.0	0.0	0.8439250743874981	0.8376879726198183	0.8666953261483307	0.0	0.0	0.0	0.0	0.7907367855845014	0.5194823400891159	0.0	0.0	0.0	0.7904276901853393	0.923506124515525	0.6559152643066608	0.902666713600722	0.796844640099121	0.5284500227478265	0.6957122799491996	0.6944322767975007	0.0	0.0	0.9505394852008363	0.0	0.6548874287790691	0.0	0.0	0.0	0.0	0.7336165539278067	0.5535841379107188	0.6665396609857405	0.0	0.0	0.6763246690453041	0.0	0.0	0.0	0.8569036547320864	0.0	0.7819467085562897	0.9138943932473095	0.0	0.818907619882273	0.9558024009075806	0.0	0.8228330536280799	0.0	0.0	0.0	0.0	0.0	0.7324315986968858	0.8934535494379112	0.9637799412887301	0.5834345221938553	0.8678728365321473	0.8245341889838683	0.8254681475901866	0.8843186625966076	0.8694387418436182	0.9676232311289993	0.0	0.0	0.8177573958167493	0.0	0.0	0.0	0.0	0.0	0.0	0.0	0.0	0.0	0.0	0.0
root:Host-associated:Human:Digestive system:Large intestine	0.0	0.578472410396651	0.0	0.0	0.0	0.0	0.0	0.0	0.0	0.0	0.0	0.0	0.0	0.0	0.0	0.0	0.0	0.0	0.0	0.0	0.0	0.0	0.6033746074620797	0.0	0.0	0.6647031697315725	0.0	0.0	0.0	0.6508912793597911	0.0	0.0	0.590285817936716	0.0	0.0	0.0	0.0	0.0	0.0	0.0	0.0	0.0	0.0	0.0	0.0	0.0	0.0	0.0	0.0	0.0	0.0	0.0	0.0	0.0	0.0	0.8076421192002701	0.0	0.0	0.0	0.0	0.0	0.0	0.0	0.0	0.0	0.0	0.0	0.0	0.0	0.7213440936400765	0.0	0.0	0.6037340637640048	0.0	0.0	0.0	0.0	0.0	0.0	0.0	0.0	0.0	0.0	0.0	0.0	0.0	0.6352579605875531	0.0	0.0	0.0	0.6077750914779411	0.5812200866801173	0.0	0.0	0.0	0.0	0.0	0.0	0.0	0.0	0.0	0.0	0.0	0.0	0.0	0.0	0.0	0.0	0.0	0.0	0.0	0.0	0.6186812027378027	0.0	0.0	0.0	0.0	0.0	0.0	0.0	0.7441724903497929	0.0	0.0	0.0	0.0	0.8195665928141901	0.0	0.0	0.5889086813056751	0.0	0.0	0.5072462905574259	0.0	0.0	0.5628288294155999	0.0	0.0	0.703551804721701	0.0	0.0	0.0	0.0	0.0	0.0	0.5797721467964893	0.0	0.0	0.0	0.0	0.0	0.0	0.0	0.0	0.0	0.0	0.0	0.0	0.0	0.0	0.0	0.0	0.0	0.7330208538805624	0.0	0.0	0.0	0.0	0.0	0.6850628388620562	0.0	0.0	0.0	0.0	0.0	0.0	0.841960193418426	0.0	0.0	0.0	0.6435733204875239	0.0	0.5096594091770917	0.0	0.0	0.0	0.0	0.6831682094587109	0.0	0.0	0.0	0.0	0.0	0.0	0.0	0.0	0.0	0.5933007376536238	0.6982183554868368	0.0	0.0	0.0	0.0	0.0	0.0	0.0	0.0	0.0	0.6563586579442947	0.0	0.0	0.0	0.0	0.0	0.0	0.0	0.0	0.0	0.0	0.0	0.0	0.0	0.0	0.0	0.0	0.0	0.0	0.0	0.0	0.0	0.0	0.0	0.0	0.0	0.983063800972482	0.0	0.6199568581518085	0.7275152548037154	0.0	0.0	0.0	0.5867791378025934	0.0	0.5910422289136245	0.0	0.671909942737936	0.0	0.0	0.8046368253652253	0.7173454905239794	0.0	0.0	0.0	0.0	0.0	0.0	0.0	0.0	0.8016066412442099	0.7864352732553112	0.0	0.0	0.0	0.0	0.8386180705151279	0.8786387360180177	0.511865942463448	0.5892533780700281	0.0	0.0	0.7472651543891168	0.6467820405641093	0.8466187974116627	0.0	0.0	0.6193734206764662	0.0	0.7789859104397271	0.0	0.0	0.0	0.0	0.7137851259585014	0.0	0.0	0.7763839391989121	0.0	0.6605941347899957	0.5532859457415208	0.0	0.0	0.0	0.0	0.0	0.6149116092113326	0.5142649696429092	0.0	0.0	0.0	0.0	0.0	0.0	0.0	0.0	0.0	0.0	0.0	0.0	0.0	0.0	0.0	0.0	0.0	0.0	0.0	0.0	0.0	0.0	0.0	0.0	0.0	0.0	0.0	0.9188075702452588	0.0	0.7854418768722599	0.0	0.0	0.8816258505900398	0.9549225050509002	0.0	0.0	0.0	0.0	0.0	0.0	0.0	0.0	0.0	0.0	0.0	0.0	0.0	0.0	0.0	0.0
root:Host-associated:Human:Digestive system:Large intestine:Fecal	0.0	0.0	0.0	0.0	0.0	0.0	0.0	0.0	0.0	0.0	0.0	0.0	0.0	0.0	0.0	0.6864996906146121	0.0	0.0	0.7477324281019545	0.0	0.0	0.0	0.0	0.5474836656514045	0.0	0.6383314103462717	0.0	0.0	0.0	0.0	0.0	0.0	0.5559404498930173	0.766697226518415	0.0	0.0	0.0	0.7300079080880145	0.0	0.0	0.0	0.0	0.0	0.0	0.0	0.0	0.0	0.0	0.0	0.0	0.0	0.0	0.0	0.0	0.0	0.0	0.0	0.0	0.0	0.0	0.0	0.0	0.0	0.0	0.0	0.0	0.0	0.0	0.0	0.7714953313696057	0.0	0.0	0.0	0.0	0.7496254291157598	0.0	0.0	0.0	0.0	0.0	0.0	0.0	0.0	0.0	0.0	0.0	0.0	0.0	0.0	0.0	0.6808637946194858	0.6168122366704983	0.0	0.0	0.0	0.0	0.0	0.0	0.0	0.0	0.0	0.0	0.0	0.0	0.0	0.0	0.0	0.0	0.7742545185975301	0.5783767698663871	0.0	0.0	0.0	0.0	0.0	0.0	0.0	0.0	0.0	0.0	0.6248502915818169	0.0	0.0	0.0	0.0	0.0	0.0	0.0	0.0	0.0	0.0	0.0	0.0	0.7279590007678246	0.0	0.0	0.0	0.0	0.0	0.0	0.0	0.0	0.0	0.0	0.0	0.0	0.0	0.0	0.0	0.0	0.0	0.0	0.0	0.0	0.0	0.0	0.0	0.0	0.0	0.0	0.0	0.0	0.0	0.0	0.0	0.0	0.0	0.0	0.0	0.0	0.0	0.0	0.0	0.0	0.0	0.0	0.5160342196153845	0.0	0.0	0.0	0.0	0.0	0.0	0.0	0.0	0.0	0.0	0.0	0.0	0.0	0.0	0.0	0.0	0.0	0.0	0.7963885513667223	0.0	0.0	0.0	0.0	0.7398929709421868	0.0	0.0	0.0	0.0	0.0	0.0	0.0	0.0	0.0	0.0	0.0	0.0	0.0	0.0	0.0	0.0	0.0	0.0	0.0	0.0	0.0	0.0	0.0	0.0	0.0	0.5222450793244531	0.0	0.0	0.6583706092484306	0.0	0.0	0.0	0.0	0.0	0.0	0.0	0.5158114898893338	0.0	0.8599267697203686	0.0	0.0	0.6327948261507409	0.0	0.0	0.0	0.0	0.0	0.0	0.0	0.917824254845478	0.0	0.0	0.0	0.0	0.5809520530025841	0.0	0.0	0.0	0.0	0.0	0.0	0.0	0.0	0.0	0.0	0.0	0.0	0.0	0.0	0.0	0.0	0.0	0.0	0.0	0.0	0.0	0.5145443180295064	0.0	0.0	0.0	0.0	0.0	0.0	0.0	0.0	0.5068242633574348	0.6085135103643954	0.0	0.0	0.7439981674906989	0.0	0.0	0.0	0.7156064298882555	0.0	0.6910732552744969	0.0	0.0	0.0	0.5923548287186955	0.0	0.0	0.0	0.0	0.0	0.0	0.0	0.0	0.8926846526637237	0.0	0.0	0.0	0.0	0.0	0.0	0.0	0.0	0.0	0.0	0.0	0.0	0.0	0.0	0.0	0.0	0.0	0.0	0.8486781188449767	0.0	0.0	0.0	0.0	0.0	0.0	0.0	0.0	0.0	0.0	0.8960720483392094	0.0	0.0	0.0	0.0	0.0
root:Host-associated:Human:Digestive system:Large intestine:Sigmoid colon	0.6802614001488666	0.0	0.0	0.0	0.0	0.0	0.0	0.0	0.0	0.0	0.6288769402611544	0.0	0.0	0.0	0.0	0.0	0.0	0.0	0.0	0.5619052598649498	0.0	0.0	0.0	0.0	0.0	0.5288737898700638	0.0	0.0	0.0	0.0	0.0	0.0	0.0	0.5111347056429009	0.0	0.6752665863375696	0.0	0.5879065362420369	0.0	0.5442392728348767	0.0	0.0	0.0	0.0	0.6869490816265061	0.0	0.0	0.0	0.0	0.0	0.0	0.0	0.594257161508657	0.5977849979473615	0.0	0.0	0.0	0.0	0.5976442549675672	0.0	0.0	0.5342932143122323	0.0	0.0	0.0	0.6513124567692861	0.0	0.0	0.0	0.0	0.0	0.0	0.0	0.0	0.0	0.0	0.0	0.0	0.7539198889395008	0.8313616956304529	0.5551292787959361	0.0	0.0	0.0	0.0	0.0	0.67624970080113	0.7301825453545813	0.0	0.578428528998352	0.0	0.5078684040855374	0.0	0.0	0.0	0.0	0.0	0.0	0.0	0.0	0.0	0.0	0.0	0.0	0.0	0.0	0.0	0.6402643116281094	0.6341184925143458	0.0	0.0	0.0	0.0	0.0	0.0	0.0	0.7275524614121839	0.0	0.0	0.0	0.8749476025802397	0.0	0.0	0.0	0.0	0.7578880995369818	0.0	0.6023288812061641	0.549612004979864	0.0	0.0	0.0	0.0	0.0	0.0	0.0	0.0	0.8031415606683443	0.0	0.0	0.0	0.0	0.6213484105922018	0.0	0.0	0.0	0.0	0.0	0.0	0.0	0.0	0.5031706852279025	0.0	0.0	0.0	0.0	0.0	0.0	0.0	0.7194516680355428	0.7973010539165196	0.0	0.0	0.0	0.5379974101399875	0.0	0.0	0.0	0.7704428945067927	0.0	0.0	0.0	0.0	0.0	0.655857467003901	0.742482297862681	0.5182661539356086	0.0	0.0	0.0	0.0	0.5385584485173108	0.0	0.0	0.0	0.0	0.7920152674726259	0.0	0.0	0.5642829413214882	0.0	0.0	0.0	0.0	0.0	0.0	0.0	0.0	0.0	0.0	0.6267285321286671	0.0	0.0	0.0	0.0	0.0	0.0	0.0	0.0	0.0	0.6749222443084612	0.0	0.0	0.8921563362349963	0.0	0.0	0.0	0.0	0.0	0.0	0.0	0.0	0.0	0.0	0.0	0.0	0.5511932974394051	0.6850678101116726	0.0	0.0	0.7354868673727606	0.0	0.7998956582162315	0.9873386189510432	0.0	0.0	0.0	0.0	0.0	0.0	0.0	0.0	0.0	0.8599583786622765	0.5812459541117576	0.0	0.0	0.0	0.0	0.0	0.9805733510709128	0.0	0.0	0.5737691812726533	0.8997398820151191	0.0	0.6428088551341031	0.7273798964857562	0.7915621533241525	0.0	0.0	0.0	0.0	0.0	0.0	0.6779366552459688	0.0	0.5775940433697359	0.0	0.0	0.0	0.0	0.0	0.0	0.0	0.5765478761352721	0.83346751257938	0.0	0.0	0.0	0.0	0.0	0.0	0.7909716891224141	0.6638270149439718	0.0	0.0	0.7504698992267906	0.0	0.8422880979695031	0.854418208664368	0.8100684677275393	0.0	0.0	0.0	0.0	0.0	0.0	0.0	0.0	0.0	0.7902920821747156	0.0	0.8015123421544427	0.0	0.0	0.7163150270358436	0.0	0.0	0.836432639989459	0.9302427400037341	0.0	0.0	0.0	0.0	0.0	0.0	0.0	0.0	0.8095541217081833	0.0	0.512219184643213	0.0	0.0	0.0	0.0	0.0	0.0	0.0	0.0	0.0	0.0	0.0	0.0	0.0	0.0	0.0	0.0	0.0	0.0	0.0	0.0	0.0	0.0	0.0
root:Host-associated:Human:Digestive system:Oral	0.0	0.0	0.0	0.0	0.0	0.0	0.0	0.0	0.0	0.0	0.0	0.0	0.0	0.0	0.0	0.0	0.0	0.0	0.0	0.0	0.0	0.0	0.0	0.0	0.0	0.0	0.0	0.0	0.0	0.0	0.0	0.0	0.0	0.0	0.0	0.0	0.0	0.0	0.0	0.0	0.0	0.0	0.0	0.0	0.0	0.0	0.0	0.0	0.0	0.0	0.0	0.0	0.0	0.5074224951106147	0.0	0.0	0.0	0.0	0.0	0.0	0.0	0.0	0.0	0.0	0.0	0.0	0.0	0.0	0.0	0.0	0.0	0.0	0.0	0.0	0.0	0.0	0.0	0.0	0.0	0.0	0.0	0.0	0.0	0.0	0.0	0.0	0.0	0.0	0.0	0.0	0.0	0.0	0.0	0.0	0.0	0.0	0.0	0.0	0.0	0.0	0.0	0.0	0.0	0.0	0.0	0.0	0.0	0.0	0.0	0.0	0.0	0.9575694855753053	0.0	0.0	0.0	0.0	0.0	0.0	0.0	0.0	0.0	0.0	0.0	0.0	0.0	0.0	0.0	0.0	0.0	0.0	0.0	0.0	0.0	0.0	0.0	0.0	0.0	0.0	0.0	0.0	0.0	0.0	0.0	0.0	0.0	0.0	0.0	0.0	0.0	0.0	0.0	0.0	0.0	0.0	0.0	0.0	0.0	0.0	0.0	0.0	0.0	0.0	0.0	0.0	0.0	0.0	0.0	0.0	0.0	0.0	0.0	0.0	0.0	0.0	0.0	0.0	0.0	0.0	0.0	0.0	0.0	0.0	0.0	0.0	0.0	0.0	0.0	0.0	0.0	0.0	0.0	0.0	0.0	0.7749011058904989	0.0	0.0	0.0	0.0	0.0	0.0	0.0	0.0	0.0	0.0	0.0	0.0	0.0	0.0	0.0	0.0	0.0	0.0	0.5045162129158735	0.0	0.0	0.0	0.0	0.0	0.0	0.0	0.0	0.0	0.0	0.0	0.0	0.0	0.0	0.0	0.0	0.0	0.0	0.0	0.0	0.0	0.0	0.0	0.0	0.0	0.0	0.0	0.0	0.0	0.0	0.0	0.0	0.0	0.0	0.0	0.0	0.0	0.0	0.0	0.0	0.0	0.0	0.0	0.6183245574351364	0.0	0.0	0.0	0.0	0.0	0.0	0.0	0.0	0.0	0.0	0.0	0.9999701076845473	0.0	0.0	0.0	0.0	0.0	0.0	0.0	0.0	0.0	0.0	0.0	0.0	0.0	0.0	0.0	0.0	0.0	0.0	0.0	0.0	0.0	0.0	0.0	0.685141100540211	0.0	0.0	0.0	0.0	0.0	0.0	0.0	0.0	0.0	0.0	0.0	0.0	0.928506234842902	0.0	0.0	0.0	0.0	0.0	0.0	0.0	0.0	0.0	0.0	0.0	0.0	0.0	0.0	0.9388925867771004	0.0	0.0	0.0	0.0	0.0	0.0	0.0	0.0	0.0	0.0	0.0	0.0	0.0	0.0	0.0	0.0	0.0	0.0	0.0	0.0	0.0	0.0	0.0	0.0
root:Host-associated:Human:Digestive system:Oral:Saliva	0.0	0.0	0.0	0.0	0.0	0.0	0.0	0.0	0.6091507317729182	0.0	0.0	0.0	0.0	0.0	0.0	0.0	0.0	0.0	0.0	0.0	0.0	0.0	0.0	0.0	0.0	0.0	0.0	0.0	0.0	0.0	0.0	0.0	0.0	0.0	0.0	0.0	0.0	0.5643331120245505	0.0	0.0	0.0	0.0	0.0	0.0	0.0	0.0	0.0	0.0	0.0	0.0	0.0	0.0	0.0	0.0	0.0	0.0	0.0	0.0	0.0	0.0	0.0	0.0	0.6290257373512276	0.0	0.0	0.0	0.0	0.0	0.0	0.0	0.0	0.0	0.8842633727716005	0.0	0.0	0.0	0.0	0.0	0.0	0.0	0.0	0.0	0.0	0.6816124164893195	0.0	0.0	0.0	0.0	0.0	0.0	0.0	0.0	0.0	0.0	0.0	0.0	0.0	0.0	0.0	0.0	0.0	0.0	0.0	0.0	0.0	0.0	0.0	0.0	0.0	0.0	0.0	0.0	0.7165505910052454	0.0	0.0	0.0	0.0	0.0	0.0	0.0	0.0	0.0	0.0	0.0	0.0	0.0	0.0	0.0	0.0	0.0	0.0	0.0	0.0	0.0	0.0	0.0	0.0	0.0	0.0	0.0	0.0	0.0	0.0	0.0	0.7135483960910879	0.0	0.0	0.6595524429551776	0.0	0.0	0.0	0.0	0.0	0.0	0.0	0.9136051189371371	0.0	0.0	0.0	0.5449758030500605	0.0	0.0	0.0	0.0	0.0	0.0	0.0	0.0	0.0	0.0	0.0	0.0	0.0	0.0	0.0	0.555160980577769	0.0	0.0	0.0	0.0	0.0	0.0	0.0	0.0	0.0	0.0	0.0	0.0	0.0	0.0	0.0	0.0	0.0	0.0	0.0	0.0	0.0	0.0	0.0	0.0	0.0	0.0	0.0	0.0	0.0	0.0	0.0	0.0	0.0	0.0	0.0	0.0	0.63440102443153	0.77958832891097	0.0	0.0	0.0	0.0	0.0	0.0	0.0	0.0	0.0	0.0	0.0	0.8420713405089351	0.0	0.0	0.0	0.0	0.0	0.0	0.0	0.0	0.0	0.0	0.0	0.0	0.0	0.0	0.0	0.0	0.0	0.0	0.0	0.0	0.0	0.0	0.0	0.0	0.0	0.0	0.0	0.0	0.0	0.0	0.0	0.0	0.0	0.0	0.5974578119712521	0.0	0.0	0.5407444628979033	0.0	0.0	0.0	0.0	0.0	0.0	0.0	0.6401591441509252	0.0	0.0	0.0	0.0	0.0	0.0	0.0	0.0	0.0	0.0	0.0	0.0	0.0	0.0	0.0	0.0	0.0	0.0	0.0	0.0	0.6697391352471563	0.8031992127728614	0.0	0.0	0.0	0.0	0.0	0.0	0.0	0.0	0.0	0.6138052913533191	0.0	0.0	0.0	0.0	0.0	0.0	0.0	0.0	0.0	0.0	0.0	0.0	0.0	0.0	0.0	0.0	0.0	0.0	0.0	0.0	0.0	0.0	0.0	0.0	0.0	0.0	0.0	0.0	0.0	0.0	0.0	0.0	0.0	0.0	0.0	0.0	0.0	0.0	0.0	0.0	0.0
root:Host-associated:Human:Skin	0.0	0.0	0.0	0.0	0.5579042664387802	0.0	0.0	0.0	0.0	0.0	0.0	0.0	0.0	0.0	0.0	0.0	0.0	0.0	0.0	0.0	0.0	0.0	0.0	0.0	0.0	0.0	0.0	0.0	0.0	0.0	0.0	0.0	0.0	0.0	0.0	0.0	0.0	0.0	0.0	0.0	0.0	0.0	0.0	0.0	0.0	0.0	0.0	0.0	0.0	0.0	0.0	0.7589772115379355	0.0	0.0	0.0	0.0	0.0	0.0	0.0	0.0	0.0	0.0	0.0	0.0	0.0	0.6195567645184336	0.0	0.0	0.0	0.0	0.0	0.0	0.0	0.0	0.0	0.0	0.0	0.0	0.0	0.0	0.0	0.0	0.0	0.0	0.0	0.0	0.0	0.0	0.0	0.0	0.0	0.0	0.0	0.0	0.0	0.0	0.0	0.0	0.0	0.0	0.0	0.0	0.0	0.0	0.0	0.0	0.0	0.0	0.0	0.0	0.0	0.0	0.0	0.0	0.0	0.0	0.0	0.0	0.0	0.0	0.0	0.7588156704119879	0.0	0.0	0.0	0.0	0.0	0.0	0.0	0.0	0.0	0.0	0.0	0.0	0.0	0.0	0.7252526397156402	0.0	0.0	0.6310832381430582	0.0	0.0	0.0	0.5883890087017831	0.0	0.0	0.0	0.0	0.6194583970662046	0.0	0.0	0.0	0.0	0.0	0.0	0.0	0.0	0.0	0.0	0.8350924203091096	0.0	0.0	0.0	0.0	0.0	0.0	0.0	0.0	0.0	0.0	0.0	0.0	0.0	0.5519984184708108	0.0	0.0	0.0	0.0	0.6147676040127245	0.0	0.0	0.5415119284700335	0.0	0.8029423771595532	0.0	0.0	0.0	0.0	0.0	0.0	0.0	0.0	0.6715923584691081	0.0	0.0	0.0	0.0	0.0	0.0	0.7424320778149517	0.0	0.0	0.0	0.0	0.0	0.0	0.5751030437416219	0.0	0.0	0.0	0.0	0.0	0.0	0.0	0.0	0.0	0.0	0.0	0.0	0.0	0.0	0.0	0.0	0.0	0.7995999584655552	0.0	0.0	0.0	0.0	0.0	0.0	0.0	0.0	0.0	0.8146601520309106	0.0	0.0	0.0	0.0	0.0	0.0	0.0	0.0	0.0	0.0	0.0	0.0	0.0	0.0	0.0	0.0	0.0	0.0	0.0	0.8063016406393558	0.0	0.0	0.0	0.0	0.0	0.0	0.0	0.0	0.0	0.0	0.0	0.0	0.0	0.0	0.0	0.0	0.0	0.8521280119039295	0.5584547647788637	0.0	0.0	0.0	0.0	0.9375635601856667	0.7478350152492211	0.7779890925948173	0.0	0.0	0.0	0.0	0.0	0.0	0.0	0.0	0.0	0.0	0.0	0.6030938055342266	0.0	0.0	0.0	0.0	0.0	0.0	0.0	0.0	0.0	0.0	0.0	0.0	0.0	0.0	0.0	0.0	0.0	0.0	0.0	0.0	0.0	0.0	0.0	0.0	0.0	0.0	0.0	0.0	0.0	0.0	0.0	0.0	0.0	0.0	0.0	0.0	0.0	0.0	0.0	0.0	0.0	0.9998695041241703	0.0	0.0	0.0	0.0	0.0	0.0	0.0	0.0	0.0	0.0
root:Host-associated:Human:Skin:Naris	0.0	0.0	0.0	0.0	0.0	0.0	0.0	0.0	0.7210591767410343	0.0	0.8414570494468565	0.0	0.0	0.0	0.0	0.0	0.0	0.0	0.0	0.0	0.0	0.0	0.0	0.0	0.0	0.0	0.0	0.0	0.0	0.0	0.0	0.0	0.5476799066066912	0.6474280416438534	0.0	0.0	0.0	0.5956456988766953	0.0	0.0	0.0	0.0	0.0	0.0	0.0	0.0	0.0	0.0	0.0	0.0	0.0	0.0	0.0	0.0	0.6796452781104247	0.0	0.0	0.0	0.0	0.0	0.0	0.0	0.0	0.0	0.0	0.5997056561699629	0.0	0.0	0.0	0.0	0.0	0.0	0.0	0.0	0.8075510895533485	0.0	0.0	0.0	0.0	0.0	0.0	0.0	0.0	0.0	0.0	0.0	0.0	0.0	0.0	0.0	0.0	0.7021845229694087	0.0	0.0	0.0	0.0	0.0	0.0	0.0	0.0	0.0	0.5557486953766912	0.0	0.0	0.0	0.5154737741120932	0.0	0.0	0.0	0.0	0.0	0.0	0.0	0.0	0.5901738932488305	0.0	0.0	0.0	0.0	0.0	0.0	0.0	0.0	0.0	0.0	0.0	0.0	0.0	0.0	0.0	0.6098367211363066	0.0	0.7345851857051285	0.0	0.0	0.0	0.0	0.0	0.0	0.0	0.0	0.0	0.0	0.6398302591119991	0.0	0.0	0.0	0.0	0.0	0.0	0.0	0.6738008255438303	0.0	0.0	0.0	0.0	0.0	0.0	0.0	0.0	0.0	0.0	0.7997753678540516	0.0	0.0	0.0	0.0	0.0	0.0	0.0	0.0	0.0	0.0	0.0	0.0	0.0	0.0	0.0	0.0	0.0	0.0	0.8173625798852852	0.0	0.0	0.7231073880583064	0.0	0.0	0.0	0.0	0.0	0.0	0.9504620673887706	0.0	0.0	0.0	0.0	0.0	0.0	0.6648479845596111	0.0	0.0	0.0	0.0	0.0	0.6037293235216518	0.0	0.0	0.0	0.0	0.0	0.0	0.0	0.0	0.0	0.0	0.0	0.0	0.0	0.0	0.0	0.0	0.0	0.0	0.0	0.0	0.0	0.0	0.0	0.0	0.0	0.0	0.0	0.0	0.0	0.0	0.0	0.0	0.0	0.0	0.0	0.0	0.0	0.0	0.0	0.0	0.0	0.0	0.0	0.0	0.0	0.0	0.0	0.0	0.0	0.8061267658940793	0.0	0.0	0.0	0.0	0.0	0.0	0.0	0.0	0.0	0.0	0.0	0.0	0.0	0.0	0.0	0.0	0.0	0.0	0.0	0.0	0.0	0.0	0.0	0.0	0.0	0.0	0.0	0.0	0.0	0.0	0.0	0.0	0.0	0.0	0.0	0.0	0.0	0.0	0.0	0.0	0.0	0.0	0.0	0.0	0.0	0.893449325191292	0.0	0.0	0.0	0.0	0.0	0.0	0.0	0.0	0.0	0.0	0.0	0.0	0.0	0.0	0.0	0.0	0.0	0.0	0.0	0.0	0.0	0.0	0.0	0.0	0.0	0.0	0.0	0.0	0.0	0.0	0.0	0.0	0.0	0.0	0.0	0.0	0.0	0.0	0.0	0.0	0.0	0.0	0.0	0.0
root:Host-associated:Mammals:Digestive system	0.0	0.0	0.0	0.0	0.0	0.0	0.0	0.0	0.8661145854975798	0.0	0.0	0.0	0.0	0.0	0.0	0.0	0.7467724063051303	0.0	0.0	0.0	0.0	0.0	0.0	0.0	0.0	0.0	0.0	0.6398223271079656	0.0	0.6218278177916893	0.0	0.0	0.0	0.0	0.0	0.0	0.0	0.0	0.0	0.0	0.0	0.0	0.0	0.0	0.7166512902994011	0.0	0.0	0.0	0.0	0.0	0.0	0.0	0.0	0.0	0.0	0.0	0.0	0.0	0.0	0.0	0.0	0.0	0.5386010242543291	0.0	0.0	0.0	0.0	0.0	0.0	0.6978641554487895	0.0	0.0	0.0	0.0	0.0	0.0	0.0	0.0	0.0	0.0	0.0	0.0	0.0	0.0	0.0	0.0	0.0	0.0	0.0	0.0	0.0	0.0	0.0	0.0	0.0	0.0	0.0	0.0	0.8145012584657696	0.0	0.0	0.0	0.0	0.0	0.0	0.0	0.0	0.0	0.0	0.0	0.0	0.0	0.0	0.0	0.0	0.0	0.0	0.0	0.5712757974082309	0.0	0.0	0.0	0.0	0.0	0.0	0.0	0.0	0.0	0.0	0.0	0.0	0.0	0.0	0.0	0.0	0.0	0.0	0.0	0.0	0.0	0.0	0.0	0.0	0.0	0.0	0.0	0.0	0.0	0.0	0.0	0.0	0.0	0.0	0.0	0.0	0.0	0.5368661338474595	0.0	0.0	0.0	0.0	0.0	0.0	0.0	0.0	0.0	0.0	0.0	0.0	0.0	0.9173493709953293	0.0	0.7791544849067286	0.0	0.0	0.7754288470793395	0.0	0.0	0.0	0.0	0.0	0.0	0.0	0.0	0.0	0.0	0.0	0.0	0.0	0.0	0.0	0.0	0.0	0.0	0.7414114908849991	0.0	0.0	0.0	0.0	0.0	0.0	0.0	0.0	0.0	0.0	0.0	0.0	0.0	0.0	0.0	0.7830717027042113	0.0	0.0	0.8607169164609241	0.0	0.0	0.0	0.0	0.0	0.0	0.0	0.0	0.0	0.7512121354662273	0.0	0.0	0.0	0.0	0.7213606465275891	0.0	0.0	0.0	0.0	0.0	0.0	0.0	0.0	0.0	0.0	0.0	0.7196796408504337	0.0	0.0	0.0	0.0	0.0	0.0	0.0	0.0	0.854720409471132	0.0	0.0	0.0	0.0	0.0	0.0	0.0	0.0	0.0	0.0	0.5218263219786671	0.0	0.0	0.0	0.0	0.5719523521403777	0.0	0.0	0.0	0.0	0.0	0.0	0.0	0.0	0.0	0.0	0.0	0.0	0.0	0.0	0.0	0.733039381392553	0.0	0.0	0.9064348710696724	0.0	0.7335333799010582	0.0	0.0	0.0	0.0	0.0	0.0	0.0	0.0	0.7185590576166844	0.0	0.0	0.0	0.0	0.0	0.0	0.6639563868821631	0.0	0.0	0.0	0.0	0.0	0.0	0.0	0.0	0.0	0.0	0.0	0.0	0.8117752599026914	0.9807614158172905	0.0	0.0	0.0	0.0	0.650909621463773	0.0	0.0	0.6879066506315622	0.0	0.0	0.0	0.0	0.0	0.0	0.0	0.0	0.0	0.0	0.0	0.0	0.0	0.0	0.0	0.0	0.0	0.0	0.0	0.0
root:Host-associated:Mammals:Digestive system:Fecal	0.0	0.0	0.0	0.0	0.0	0.0	0.0	0.0	0.0	0.0	0.0	0.0	0.0	0.0	0.0	0.0	0.0	0.0	0.0	0.0	0.0	0.0	0.0	0.8848618442626647	0.0	0.0	0.0	0.0	0.0	0.6204697403790721	0.0	0.0	0.0	0.6626895507239642	0.0	0.0	0.0	0.0	0.0	0.0	0.0	0.604258853813431	0.0	0.0	0.0	0.0	0.0	0.0	0.0	0.0	0.6543493807568764	0.0	0.0	0.0	0.0	0.0	0.0	0.0	0.0	0.0	0.0	0.0	0.0	0.0	0.0	0.0	0.9995609381365185	0.0	0.0	0.0	0.0	0.0	0.8282717621566503	0.0	0.8665880598267172	0.0	0.0	0.0	0.0	0.0	0.0	0.0	0.0	0.0	0.0	0.0	0.0	0.0	0.0	0.0	0.0	0.0	0.0	0.0	0.0	0.0	0.0	0.0	0.0	0.6068192232499349	0.0	0.0	0.0	0.0	0.0	0.0	0.0	0.0	0.7014309308402641	0.0	0.0	0.0	0.0	0.0	0.0	0.0	0.0	0.0	0.0	0.0	0.0	0.0	0.0	0.0	0.0	0.7037100664745468	0.0	0.0	0.0	0.0	0.0	0.6462163716558232	0.0	0.6692252859706516	0.0	0.0	0.0	0.0	0.0	0.0	0.0	0.0	0.0	0.0	0.0	0.0	0.0	0.0	0.0	0.0	0.0	0.0	0.0	0.0	0.0	0.0	0.0	0.0	0.0	0.6641218871286533	0.0	0.0	0.0	0.0	0.0	0.0	0.0	0.0	0.0	0.0	0.0	0.0	0.0	0.0	0.0	0.0	0.0	0.0	0.0	0.0	0.0	0.0	0.0	0.0	0.0	0.0	0.0	0.0	0.6263444530737291	0.0	0.0	0.0	0.0	0.0	0.0	0.8669932803922985	0.0	0.0	0.0	0.0	0.0	0.0	0.0	0.0	0.0	0.0	0.0	0.0	0.0	0.0	0.7967763261680713	0.0	0.0	0.8393885090717325	0.0	0.0	0.0	0.0	0.0	0.0	0.0	0.998378015921634	0.0	0.0	0.0	0.0	0.5608282841069441	0.0	0.0	0.0	0.0	0.0	0.0	0.0	0.0	0.0	0.0	0.0	0.0	0.0	0.0	0.0	0.0	0.0	0.0	0.0	0.0	0.0	0.0	0.0	0.0	0.0	0.0	0.0	0.0	0.0	0.7385148801562841	0.0	0.0	0.0	0.0	0.0	0.0	0.0	0.9179448134191833	0.0	0.0	0.0	0.0	0.0	0.0	0.0	0.0	0.0	0.0	0.0	0.0	0.0	0.0	0.0	0.0	0.0	0.0	0.0	0.0	0.0	0.0	0.6467870111772833	0.0	0.8535517827835083	0.6925226937574384	0.0	0.0	0.0	0.0	0.0	0.0	0.0	0.0	0.0	0.0	0.0	0.0	0.0	0.0	0.0	0.0	0.0	0.0	0.0	0.0	0.0	0.0	0.0	0.8452447689465563	0.7161689903876809	0.0	0.0	0.0	0.0	0.0	0.0	0.0	0.0	0.7664690806859104	0.0	0.0	0.882560472781552	0.8787362385433646	0.0	0.0	0.9997574106904663	0.0	0.0	0.0	0.0	0.9414249468789332	0.0	0.0	0.0	0.0	0.0	0.0	0.0	0.0
root:Host-associated:Mammals:Digestive system:Large intestine	0.0	0.0	0.0	0.0	0.0	0.0	0.0	0.0	0.0	0.0	0.0	0.0	0.0	0.0	0.0	0.0	0.7508486921911173	0.0	0.0	0.0	0.0	0.0	0.0	0.0	0.0	0.0	0.0	0.0	0.0	0.0	0.0	0.0	0.0	0.0	0.0	0.0	0.0	0.0	0.0	0.0	0.0	0.0	0.0	0.0	0.0	0.0	0.0	0.0	0.0	0.0	0.0	0.0	0.0	0.0	0.0	0.0	0.0	0.0	0.0	0.0	0.0	0.0	0.0	0.0	0.0	0.0	0.0	0.0	0.0	0.0	0.0	0.0	0.0	0.0	0.0	0.0	0.0	0.0	0.0	0.0	0.0	0.0	0.0	0.0	0.0	0.0	0.0	0.0	0.0	0.0	0.0	0.0	0.0	0.0	0.0	0.0	0.0	0.0	0.0	0.0	0.0	0.0	0.0	0.0	0.0	0.0	0.0	0.0	0.0	0.0	0.0	0.0	0.0	0.0	0.0	0.0	0.0	0.0	0.0	0.0	0.0	0.0	0.0	0.0	0.0	0.0	0.0	0.0	0.0	0.0	0.0	0.5968270345365316	0.0	0.0	0.0	0.0	0.0	0.0	0.0	0.0	0.0	0.0	0.0	0.0	0.0	0.0	0.0	0.0	0.0	0.0	0.0	0.0	0.0	0.0	0.0	0.0	0.0	0.0	0.0	0.0	0.0	0.0	0.0	0.0	0.0	0.0	0.0	0.0	0.0	0.0	0.7667010581594331	0.0	0.0	0.0	0.0	0.0	0.0	0.0	0.0	0.0	0.0	0.0	0.0	0.0	0.0	0.0	0.0	0.0	0.0	0.0	0.0	0.0	0.0	0.0	0.0	0.0	0.0	0.0	0.0	0.0	0.0	0.0	0.0	0.0	0.0	0.0	0.0	0.0	0.0	0.0	0.0	0.0	0.0	0.0	0.0	0.6258807690272113	0.0	0.0	0.0	0.0	0.7605379931468391	0.0	0.0	0.0	0.0	0.0	0.0	0.0	0.0	0.5034645301861352	0.0	0.0	0.0	0.9866334860266116	0.0	0.0	0.0	0.0	0.0	0.0	0.0	0.5068523644600426	0.0	0.0	0.0	0.0	0.0	0.0	0.0	0.0	0.0	0.0	0.0	0.0	0.0	0.0	0.0	0.0	0.0	0.6641350281840062	0.7171603108888459	0.0	0.0	0.0	0.0	0.0	0.0	0.0	0.0	0.0	0.0	0.0	0.0	0.0	0.0	0.0	0.0	0.0	0.0	0.0	0.0	0.0	0.0	0.0	0.6141004495673362	0.0	0.0	0.5227786726789901	0.0	0.0	0.6430475952198872	0.0	0.0	0.0	0.0	0.0	0.0	0.0	0.0	0.0	0.0	0.0	0.0	0.0	0.0	0.0	0.0	0.0	0.0	0.0	0.0	0.0	0.0	0.0	0.0	0.0	0.0	0.0	0.0	0.0	0.0	0.0	0.0	0.0	0.6372338884948472	0.0	0.0	0.0	0.0	0.0	0.0	0.0	0.0	0.0	0.0	0.0	0.0	0.0	0.0	0.0	0.0	0.0	0.0	0.0	0.0
root:Host-associated:Mammals:Digestive system:Large intestine:Fecal	0.0	0.0	0.0	0.0	0.0	0.0	0.0	0.0	0.0	0.0	0.0	0.0	0.0	0.5494349414498704	0.0	0.0	0.6217612270080796	0.5089566220211089	0.0	0.0	0.0	0.0	0.0	0.8761129154216133	0.0	0.0	0.0	0.0	0.0	0.0	0.0	0.0	0.0	0.0	0.0	0.0	0.0	0.0	0.0	0.0	0.0	0.0	0.0	0.0	0.0	0.0	0.0	0.0	0.0	0.0	0.0	0.0	0.0	0.0	0.0	0.0	0.0	0.0	0.0	0.0	0.0	0.0	0.0	0.0	0.0	0.0	0.0	0.0	0.0	0.0	0.0	0.0	0.0	0.0	0.0	0.0	0.0	0.0	0.9201738892355357	0.0	0.0	0.6042564399281639	0.0	0.0	0.0	0.5664052081977882	0.0	0.0	0.0	0.0	0.0	0.0	0.0	0.0	0.0	0.5130231898625498	0.0	0.0	0.0	0.0	0.0	0.0	0.0	0.0	0.0	0.0	0.0	0.0	0.6238657381608906	0.0	0.0	0.0	0.5661974462346877	0.0	0.0	0.0	0.0	0.0	0.0	0.0	0.0	0.0	0.0	0.0	0.0	0.7665490458804407	0.0	0.0	0.0	0.0	0.0	0.0	0.0	0.0	0.0	0.0	0.0	0.0	0.0	0.0	0.0	0.0	0.6496942707040253	0.0	0.0	0.0	0.0	0.0	0.0	0.0	0.0	0.0	0.0	0.0	0.0	0.0	0.6043050304558492	0.0	0.0	0.7602280720390833	0.0	0.0	0.0	0.0	0.0	0.0	0.0	0.0	0.0	0.0	0.0	0.0	0.0	0.0	0.0	0.0	0.0	0.7914979170209211	0.0	0.0	0.0	0.0	0.0	0.0	0.0	0.0	0.0	0.0	0.0	0.0	0.0	0.0	0.0	0.0	0.0	0.7092563878551821	0.0	0.0	0.0	0.0	0.0	0.0	0.0	0.0	0.0	0.0	0.0	0.0	0.0	0.0	0.0	0.0	0.0	0.0	0.0	0.0	0.0	0.0	0.0	0.0	0.0	0.0	0.0	0.0	0.0	0.0	0.0	0.0	0.0	0.0	0.0	0.0	0.0	0.0	0.0	0.0	0.0	0.0	0.0	0.0	0.0	0.0	0.0	0.0	0.0	0.8495324378385578	0.5659574767242923	0.0	0.0	0.821708736096709	0.0	0.0	0.0	0.0	0.0	0.0	0.0	0.0	0.9078355476643424	0.0	0.0	0.0	0.7632089075096676	0.0	0.0	0.0	0.0	0.580705785166582	0.0	0.0	0.0	0.0	0.0	0.7484720087977138	0.0	0.0	0.512778136023058	0.0	0.0	0.0	0.0	0.0	0.0	0.0	0.0	0.0	0.0	0.0	0.0	0.6959545047248753	0.0	0.0	0.0	0.0	0.0	0.5619543193630023	0.0	0.0	0.0	0.0	0.0	0.0	0.0	0.0	0.0	0.0	0.0	0.0	0.0	0.0	0.0	0.0	0.0	0.0	0.8133311200711862	0.9358623061349455	0.0	0.0	0.0	0.0	0.0	0.0	0.0	0.0	0.6393422062405653	0.0	0.0	0.0	0.0	0.0	0.0	0.0	0.0	0.0	0.0	0.0	0.0	0.0	0.0	0.0	0.0	0.0	0.0	0.0	0.0
root:Host-associated:Mammals:Respiratory system	0.0	0.0	0.0	0.0	0.0	0.0	0.0	0.9999998815753415	0.0	0.0	0.0	0.0	0.0	0.0	0.0	0.0	0.0	0.0	0.0	0.0	0.0	0.0	0.0	0.0	0.0	0.0	0.0	0.0	0.0	0.0	0.0	0.0	0.0	0.6457564855624592	0.0	0.0	0.0	0.0	0.0	0.0	0.0	0.5599102198342268	0.7756313403269179	0.0	0.0	0.0	0.0	0.0	0.0	0.0	0.0	0.0	0.0	0.0	0.0	0.0	0.0	0.0	0.0	0.0	0.0	0.0	0.0	0.0	0.0	0.0	0.0	0.0	0.0	0.0	0.0	0.0	0.0	0.0	0.0	0.5158969111764474	0.0	0.0	0.0	0.0	0.0	0.0	0.0	0.0	0.0	0.0	0.0	0.0	0.0	0.9110209167386566	0.0	0.0	0.0	0.0	0.0	0.0	0.0	0.6496098184794653	0.0	0.0	0.0	0.0	0.8048240009854485	0.0	0.0	0.9773380678786635	0.0	0.0	0.8336141473351392	0.0	0.0	0.0	0.0	0.0	0.6570332911352873	0.0	0.0	0.0	0.0	0.0	0.0	0.0	0.0	0.0	0.0	0.0	0.0	0.0	0.0	0.0	0.0	0.0	0.0	0.0	0.0	0.0	0.0	0.0	0.0	0.0	0.0	0.0	0.0	0.0	0.0	0.0	0.9085875370844275	0.0	0.0	0.0	0.0	0.0	0.0	0.0	0.0	0.0	0.0	0.0	0.0	0.7705593832563317	0.0	0.0	0.0	0.0	0.0	0.0	0.0	0.0	0.0	0.0	0.0	0.0	0.0	0.5069432972125605	0.0	0.0	0.0	0.0	0.0	0.0	0.0	0.0	0.0	0.0	0.0	0.0	0.0	0.0	0.0	0.0	0.0	0.0	0.0	0.0	0.0	0.0	0.0	0.0	0.0	0.0	0.915575061706052	0.0	0.0	0.0	0.0	0.0	0.9999994586550501	0.0	0.0	0.0	0.9562768328564518	0.0	0.0	0.0	0.0	0.0	0.0	0.0	0.0	0.0	0.0	0.0	0.0	0.0	0.0	0.0	0.0	0.0	0.0	0.0	0.0	0.9924613374989137	0.0	0.0	0.0	0.0	0.0	0.0	0.0	0.0	0.0	0.0	0.0	0.0	0.0	0.0	0.0	0.0	0.0	0.0	0.0	0.0	0.0	0.0	0.0	0.0	0.0	0.0	0.0	0.0	0.0	0.0	0.0	0.0	0.0	0.0	0.0	0.0	0.0	0.0	0.0	0.0	0.0	0.0	0.0	0.0	0.0	0.0	0.9211477183798985	0.0	0.0	0.0	0.0	0.0	0.0	0.0	0.0	0.0	0.0	0.0	0.0	0.0	0.0	0.0	0.0	0.0	0.0	0.0	0.0	0.0	0.0	0.0	0.0	0.0	0.0	0.0	0.0	0.0	0.0	0.0	0.0	0.0	0.0	0.0	0.0	0.0	0.0	0.0	0.0	0.0	0.0	0.0	0.0	0.0	0.0	0.0	0.0	0.0	0.0	0.0	0.0	0.0	0.0	0.0	0.0	0.0	0.0	0.0	0.0	0.0	0.0	0.0	0.0	0.0	0.0
root:Host-associated:Plants	0.0	0.0	0.0	0.0	0.0	0.0	0.0	0.0	0.0	0.0	0.0	0.0	0.0	0.0	0.0	0.0	0.0	0.0	0.0	0.0	0.0	0.0	0.0	0.0	0.0	0.0	0.0	0.0	0.0	0.6632560085374176	0.0	0.0	0.0	0.0	0.0	0.0	0.0	0.0	0.7705905438270886	0.0	0.0	0.0	0.0	0.0	0.0	0.0	0.6542990677335673	0.0	0.0	0.0	0.0	0.0	0.0	0.0	0.5493591593103268	0.0	0.6816491475463958	0.6003881481157234	0.0	0.0	0.0	0.0	0.0	0.0	0.0	0.0	0.0	0.0	0.0	0.0	0.0	0.7156287214732874	0.0	0.0	0.0	0.0	0.0	0.0	0.0	0.0	0.0	0.7951018002901877	0.0	0.0	0.0	0.0	0.0	0.0	0.0	0.0	0.0	0.0	0.0	0.0	0.5818641401039787	0.0	0.0	0.0	0.0	0.0	0.0	0.0	0.0	0.0	0.0	0.0	0.0	0.0	0.0	0.0	0.0	0.0	0.0	0.0	0.0	0.0	0.0	0.0	0.0	0.0	0.0	0.0	0.0	0.0	0.0	0.0	0.0	0.0	0.0	0.0	0.0	0.0	0.0	0.0	0.0	0.0	0.0	0.0	0.0	0.0	0.0	0.0	0.0	0.0	0.0	0.0	0.0	0.0	0.0	0.0	0.0	0.0	0.0	0.0	0.0	0.0	0.0	0.0	0.0	0.0	0.0	0.0	0.0	0.0	0.0	0.0	0.0	0.0	0.0	0.0	0.0	0.0	0.0	0.0	0.0	0.0	0.0	0.0	0.0	0.0	0.0	0.0	0.6475041322121273	0.0	0.0	0.0	0.0	0.0	0.0	0.0	0.0	0.0	0.0	0.0	0.0	0.0	0.0	0.0	0.0	0.0	0.0	0.0	0.0	0.0	0.0	0.0	0.0	0.0	0.0	0.0	0.0	0.0	0.0	0.0	0.0	0.0	0.0	0.0	0.0	0.0	0.0	0.0	0.0	0.0	0.0	0.0	0.0	0.0	0.0	0.0	0.0	0.0	0.0	0.0	0.0	0.0	0.0	0.0	0.0	0.0	0.0	0.0	0.0	0.0	0.0	0.0	0.0	0.0	0.0	0.0	0.0	0.0	0.0	0.0	0.0	0.0	0.0	0.0	0.0	0.0	0.0	0.0	0.0	0.0	0.0	0.0	0.0	0.0	0.0	0.0	0.0	0.0	0.0	0.0	0.0	0.0	0.0	0.0	0.0	0.8060276811577407	0.6386486245556228	0.0	0.0	0.0	0.0	0.0	0.0	0.0	0.0	0.0	0.0	0.0	0.0	0.0	0.0	0.0	0.6601266408420515	0.0	0.0	0.0	0.0	0.0	0.0	0.0	0.0	0.0	0.0	0.0	0.0	0.0	0.0	0.0	0.0	0.0	0.0	0.0	0.0	0.0	0.0	0.0	0.0	0.0	0.0	0.0	0.0	0.0	0.0	0.0	0.0	0.0	0.0	0.0	0.0	0.0	0.0	0.0	0.0	0.0	0.0	0.0	0.0	0.0	0.9375379521428263	0.0	0.0
root:Host-associated:Plants:Phylloplane	0.0	0.0	0.5482076152026595	0.0	0.0	0.0	0.0	0.0	0.0	0.0	0.0	0.0	0.0	0.0	0.0	0.0	0.0	0.0	0.0	0.0	0.0	0.0	0.0	0.0	0.0	0.0	0.0	0.0	0.0	0.0	0.0	0.0	0.0	0.0	0.0	0.0	0.7542553959436824	0.0	0.8624709676188185	0.0	0.0	0.0	0.0	0.0	0.6661869471628681	0.0	0.0	0.0	0.0	0.0	0.0	0.0	0.0	0.0	0.0	0.0	0.0	0.0	0.0	0.0	0.0	0.0	0.0	0.0	0.0	0.0	0.0	0.0	0.0	0.0	0.0	0.0	0.0	0.0	0.0	0.0	0.0	0.0	0.0	0.0	0.0	0.0	0.0	0.0	0.0	0.0	0.0	0.0	0.0	0.0	0.0	0.0	0.561518545417032	0.0	0.0	0.0	0.0	0.0	0.0	0.0	0.0	0.0	0.0	0.0	0.0	0.0	0.0	0.0	0.0	0.0	0.0	0.0	0.0	0.0	0.0	0.0	0.0	0.0	0.0	0.0	0.0	0.0	0.0	0.0	0.0	0.0	0.0	0.0	0.0	0.0	0.0	0.0	0.0	0.0	0.0	0.0	0.0	0.0	0.0	0.0	0.0	0.0	0.0	0.0	0.0	0.0	0.0	0.0	0.0	0.0	0.0	0.0	0.0	0.0	0.0	0.0	0.0	0.0	0.0	0.0	0.0	0.0	0.0	0.0	0.0	0.0	0.0	0.0	0.0	0.0	0.0	0.0	0.0	0.0	0.0	0.0	0.0	0.0	0.0	0.0	0.0	0.0	0.0	0.0	0.0	0.0	0.0	0.0	0.0	0.0	0.0	0.0	0.844835444144004	0.0	0.0	0.0	0.0	0.0	0.0	0.0	0.0	0.0	0.0	0.0	0.0	0.0	0.0	0.0	0.0	0.0	0.0	0.0	0.0	0.0	0.0	0.0	0.0	0.0	0.0	0.0	0.0	0.0	0.0	0.0	0.0	0.0	0.0	0.0	0.0	0.0	0.0	0.0	0.0	0.0	0.0	0.0	0.0	0.0	0.0	0.0	0.0	0.0	0.0	0.0	0.0	0.0	0.0	0.0	0.0	0.0	0.0	0.0	0.0	0.0	0.0	0.0	0.0	0.0	0.0	0.0	0.0	0.0	0.0	0.0	0.0	0.0	0.0	0.0	0.0	0.0	0.0	0.0	0.0	0.0	0.0	0.0	0.0	0.0	0.0	0.0	0.0	0.0	0.0	0.0	0.0	0.0	0.0	0.0	0.0	0.0	0.0	0.0	0.0	0.0	0.0	0.0	0.7493375808290278	0.5122617817703974	0.0	0.0	0.0	0.0	0.0	0.0	0.0	0.0	0.0	0.0	0.0	0.0	0.0	0.0	0.0	0.0	0.0	0.0	0.0	0.0	0.0	0.0	0.0	0.0	0.0	0.0	0.0	0.0	0.0	0.0	0.0	0.0	0.0	0.0	0.0	0.0	0.0	0.0	0.0	0.0	0.0	0.0	0.0	0.0	0.0	0.0	0.0
root:Host-associated:Plants:Rhizosphere	0.0	0.0	0.0	0.0	0.0	0.0	0.0	0.0	0.0	0.0	0.0	0.0	0.0	0.7573956820235376	0.9862304853996529	0.0	0.0	0.0	0.0	0.0	0.0	0.0	0.0	0.0	0.0	0.0	0.0	0.0	0.0	0.0	0.0	0.7111604655034479	0.0	0.0	0.0	0.0	0.0	0.0	0.0	0.0	0.0	0.0	0.0	0.0	0.0	0.0	0.0	0.0	0.0	0.0	0.6108160405215218	0.8693117813711168	0.0	0.0	0.0	0.0	0.0	0.5517180096565192	0.0	0.0	0.0	0.0	0.0	0.0	0.0	0.0	0.0	0.0	0.0	0.0	0.0	0.9312491610525783	0.5997806026368994	0.0	0.0	0.0	0.0	0.0	0.0	0.0	0.0	0.0	0.0	0.0	0.0	0.0	0.0	0.0	0.0	0.0	0.0	0.0	0.0	0.0	0.0	0.0	0.0	0.0	0.0	0.0	0.0	0.0	0.7342424291631281	0.0	0.0	0.0	0.0	0.0	0.0	0.0	0.9696236865850002	0.0	0.0	0.0	0.0	0.0	0.0	0.0	0.0	0.0	0.0	0.0	0.0	0.0	0.0	0.0	0.0	0.0	0.0	0.0	0.0	0.0	0.0	0.0	0.0	0.0	0.0	0.0	0.0	0.0	0.0	0.0	0.0	0.0	0.0	0.0	0.0	0.0	0.0	0.0	0.0	0.0	0.0	0.0	0.0	0.0	0.0	0.0	0.0	0.0	0.5231363921568847	0.0	0.0	0.0	0.0	0.9340097643944901	0.0	0.0	0.0	0.0	0.0	0.0	0.9205824452079181	0.0	0.0	0.0	0.0	0.0	0.7609923972002118	0.0	0.0	0.0	0.0	0.0	0.0	0.0	0.0	0.0	0.0	0.0	0.0	0.0	0.0	0.0	0.0	0.0	0.0	0.0	0.0	0.0	0.0	0.0	0.0	0.0	0.0	0.0	0.0	0.5512098617271861	0.0	0.0	0.0	0.7185414898269067	0.0	0.0	0.0	0.0	0.0	0.0	0.0	0.0	0.0	0.0	0.0	0.0	0.0	0.0	0.0	0.0	0.0	0.0	0.0	0.0	0.0	0.0	0.8256148225939063	0.0	0.0	0.0	0.0	0.0	0.0	0.0	0.0	0.0	0.0	0.0	0.0	0.0	0.0	0.0	0.0	0.0	0.0	0.0	0.0	0.0	0.0	0.0	0.0	0.0	0.0	0.0	0.0	0.638095323763483	0.0	0.0	0.0	0.0	0.0	0.0	0.0	0.0	0.0	0.0	0.0	0.0	0.0	0.0	0.0	0.0	0.0	0.0	0.0	0.0	0.0	0.0	0.0	0.0	0.0	0.0	0.0	0.0	0.8579969078404014	0.0	0.0	0.0	0.0	0.0	0.0	0.0	0.0	0.0	0.0	0.0	0.0	0.0	0.0	0.0	0.0	0.0	0.0	0.0	0.0	0.0	0.0	0.0	0.0	0.0	0.0	0.0	0.0	0.0	0.0	0.0	0.0	0.0	0.0	0.0	0.0	0.0	0.0	0.0	0.0	0.0	0.0	0.0	0.0	0.0	0.8368307414328434	0.0	0.0	0.0	0.0	0.0	0.0
